table,column,column_cn,format_mask,inferred_type,mask_kind,inferred_basis,enum_applicability
ACMLC,LC001,年月,YM,yyyymm,符号掩码,展开后 6 位，与 precision=6 吻合,不适用（非枚举，日期/时间格式掩码）
ACPLB,LB004,交易日期,YMD,yyyymmdd,符号掩码,展开后 8 位，与precision=8 吻合,不适用（非枚举，日期/时间格式掩码）
ACPLB,LB006,单据日期,YMD,yyyymmdd,符号掩码,展开后 8 位，与precision=8 吻合,不适用（非枚举，日期/时间格式掩码）
ACPLB,LB020,审核日期,YMD,yyyymmdd,符号掩码,展开后 8 位，与precision=8 吻合,不适用（非枚举，日期/时间格式掩码）
ACPLC,LC007,单据日期,YMD,yyyymmdd,符号掩码,展开后 8 位，与precision=8 吻合,不适用（非枚举，日期/时间格式掩码）
ACPLC,LC027,保留字段,YMD,yyyymmdd,符号掩码,展开后 8 位，与precision=8 吻合,不适用（非枚举，日期/时间格式掩码）
ACPLC,LC029,核销日期,YMD,yyyymmdd,符号掩码,展开后 8 位，与precision=8 吻合,不适用（非枚举，日期/时间格式掩码）
ACPLD,LD003,调汇日期,YMD,yyyymmdd,符号掩码,展开后 8 位，与precision=8 吻合,不适用（非枚举，日期/时间格式掩码）
ACPLD,LD010,单据日期,YMD,yyyymmdd,符号掩码,展开后 8 位，与precision=8 吻合,不适用（非枚举，日期/时间格式掩码）
ACPTA,TA003,审核日期,YMD,yyyymmdd,符号掩码,展开后 8 位，与precision=8 吻合,不适用（非枚举，日期/时间格式掩码）
ACPTA,TA015,发票日期,YMD,yyyymmdd,符号掩码,展开后 8 位，与precision=8 吻合,不适用（非枚举，日期/时间格式掩码）
ACPTA,TA019,预计付款日,YMD,yyyymmdd,符号掩码,展开后 8 位，与precision=8 吻合,不适用（非枚举，日期/时间格式掩码）
ACPTA,TA020,预计兑现日,YMD,yyyymmdd,符号掩码,展开后 8 位，与precision=8 吻合,不适用（非枚举，日期/时间格式掩码）
ACPTA,TA032,保留字段,YM,yyyymm,符号掩码,展开后 6 位，与 precision=6 吻合,不适用（非枚举，日期/时间格式掩码）
ACPTA,TA034,单据日期,YMD,yyyymmdd,符号掩码,展开后 8 位，与precision=8 吻合,不适用（非枚举，日期/时间格式掩码）
ACPTA,TA040,取得折扣付款日,YMD,yyyymmdd,符号掩码,展开后 8 位，与precision=8 吻合,不适用（非枚举，日期/时间格式掩码）
ACPTA,TA041,取得折扣兑现日,YMD,yyyymmdd,符号掩码,展开后 8 位，与precision=8 吻合,不适用（非枚举，日期/时间格式掩码）
ACPTB,TB008,单据日期,YMD,yyyymmdd,符号掩码,展开后 8 位，与precision=8 吻合,不适用（非枚举，日期/时间格式掩码）
ACPTE,TE002,统计年月,YM,yyyymm,符号掩码,展开后 6 位，与 precision=6 吻合,不适用（非枚举，日期/时间格式掩码）
ACPTF,TF002,统计年月,YM,yyyymm,符号掩码,展开后 6 位，与 precision=6 吻合,不适用（非枚举，日期/时间格式掩码）
ACPTI,TI010,预计付款日,YMD,yyyymmdd,符号掩码,展开后 8 位，与precision=8 吻合,不适用（非枚举，日期/时间格式掩码）
ACPTI,TI011,预计兑现日,YMD,yyyymmdd,符号掩码,展开后 8 位，与precision=8 吻合,不适用（非枚举，日期/时间格式掩码）
ACPTI,TI019,单据日期,YMD,yyyymmdd,符号掩码,展开后 8 位，与precision=8 吻合,不适用（非枚举，日期/时间格式掩码）
ACPTI,TI022,取得折扣付款日,YMD,yyyymmdd,符号掩码,展开后 8 位，与precision=8 吻合,不适用（非枚举，日期/时间格式掩码）
ACPTK,TK003,付款日期,YMD,yyyymmdd,符号掩码,展开后 8 位，与precision=8 吻合,不适用（非枚举，日期/时间格式掩码）
ACPTK,TK015,到期日,YMD,yyyymmdd,符号掩码,展开后 8 位，与precision=8 吻合,不适用（非枚举，日期/时间格式掩码）
ACPTK,TK022,单据日期,YMD,yyyymmdd,符号掩码,展开后 8 位，与precision=8 吻合,不适用（非枚举，日期/时间格式掩码）
ACPTL,TL009,单据日期,YMD,yyyymmdd,符号掩码,展开后 8 位，与precision=8 吻合,不适用（非枚举，日期/时间格式掩码）
ACPTL,TL026,核销日期,YMD,yyyymmdd,符号掩码,展开后 8 位，与precision=8 吻合,不适用（非枚举，日期/时间格式掩码）
ACPTM,TM003,结算日期,YMD,yyyymmdd,符号掩码,展开后 8 位，与precision=8 吻合,不适用（非枚举，日期/时间格式掩码）
ACPTM,TM005,单据日期,YMD,yyyymmdd,符号掩码,展开后 8 位，与precision=8 吻合,不适用（非枚举，日期/时间格式掩码）
ACPTP,TP003,审核日期,YMD,yyyymmdd,符号掩码,展开后 8 位，与precision=8 吻合,不适用（非枚举，日期/时间格式掩码）
ACPTP,TP005,单据日期,YMD,yyyymmdd,符号掩码,展开后 8 位，与precision=8 吻合,不适用（非枚举，日期/时间格式掩码）
ACPTQ,TQ013,入库日期,YMD,yyyymmdd,符号掩码,展开后 8 位，与precision=8 吻合,不适用（非枚举，日期/时间格式掩码）
ACPTS,TS002,统计年月,YM,yyyymm,符号掩码,展开后 6 位，与 precision=6 吻合,不适用（非枚举，日期/时间格式掩码）
ACRIB,IB004,审核日期,YMD,yyyymmdd,符号掩码,展开后 8 位，与precision=8 吻合,不适用（非枚举，日期/时间格式掩码）
ACRIB,IB006,单据日期,YMD,yyyymmdd,符号掩码,展开后 8 位，与precision=8 吻合,不适用（非枚举，日期/时间格式掩码）
ACRIC,IC007,单据日期,YMD,yyyymmdd,符号掩码,展开后 8 位，与precision=8 吻合,不适用（非枚举，日期/时间格式掩码）
ACRIC,IC012,核销日期,YMD,yyyymmdd,符号掩码,展开后 8 位，与precision=8 吻合,不适用（非枚举，日期/时间格式掩码）
ACRLB,LB004,交易日期,YMD,yyyymmdd,符号掩码,展开后 8 位，与precision=8 吻合,不适用（非枚举，日期/时间格式掩码）
ACRLB,LB006,单据日期,YMD,yyyymmdd,符号掩码,展开后 8 位，与precision=8 吻合,不适用（非枚举，日期/时间格式掩码）
ACRLB,LB020,审核日期,YMD,yyyymmdd,符号掩码,展开后 8 位，与precision=8 吻合,不适用（非枚举，日期/时间格式掩码）
ACRLC,LC007,单据日期,YMD,yyyymmdd,符号掩码,展开后 8 位，与precision=8 吻合,不适用（非枚举，日期/时间格式掩码）
ACRLC,LC027,保留字段,YMD,yyyymmdd,符号掩码,展开后 8 位，与precision=8 吻合,不适用（非枚举，日期/时间格式掩码）
ACRLC,LC029,核销日期,YMD,yyyymmdd,符号掩码,展开后 8 位，与precision=8 吻合,不适用（非枚举，日期/时间格式掩码）
ACRLD,LD003,调汇日期,YMD,yyyymmdd,符号掩码,展开后 8 位，与precision=8 吻合,不适用（非枚举，日期/时间格式掩码）
ACRLD,LD010,单据日期,YMD,yyyymmdd,符号掩码,展开后 8 位，与precision=8 吻合,不适用（非枚举，日期/时间格式掩码）
ACRTA,TA003,审核日期,YMD,yyyymmdd,符号掩码,展开后 8 位，与precision=8 吻合,不适用（非枚举，日期/时间格式掩码）
ACRTA,TA016,发票日期,YMD,yyyymmdd,符号掩码,展开后 8 位，与precision=8 吻合,不适用（非枚举，日期/时间格式掩码）
ACRTA,TA020,预计收款日,YMD,yyyymmdd,符号掩码,展开后 8 位，与precision=8 吻合,不适用（非枚举，日期/时间格式掩码）
ACRTA,TA021,预计兑现日,YMD,yyyymmdd,符号掩码,展开后 8 位，与precision=8 吻合,不适用（非枚举，日期/时间格式掩码）
ACRTA,TA032,保留字段,YM,yyyymm,符号掩码,展开后 6 位，与 precision=6 吻合,不适用（非枚举，日期/时间格式掩码）
ACRTA,TA038,单据日期,YMD,yyyymmdd,符号掩码,展开后 8 位，与precision=8 吻合,不适用（非枚举，日期/时间格式掩码）
ACRTA,TA044,取得折扣收款日,YMD,yyyymmdd,符号掩码,展开后 8 位，与precision=8 吻合,不适用（非枚举，日期/时间格式掩码）
ACRTA,TA045,取得折扣兑现日,YMD,yyyymmdd,符号掩码,展开后 8 位，与precision=8 吻合,不适用（非枚举，日期/时间格式掩码）
ACRTA,TA094,到期日,YMD,yyyymmdd,符号掩码,展开后 8 位，与precision=8 吻合,不适用（非枚举，日期/时间格式掩码）
ACRTB,TB008,单据日期,YMD,yyyymmdd,符号掩码,展开后 8 位，与precision=8 吻合,不适用（非枚举，日期/时间格式掩码）
ACRTE,TE002,统计年月,YM,yyyymm,符号掩码,展开后 6 位，与 precision=6 吻合,不适用（非枚举，日期/时间格式掩码）
ACRTF,TF002,统计年月,YM,yyyymm,符号掩码,展开后 6 位，与 precision=6 吻合,不适用（非枚举，日期/时间格式掩码）
ACRTI,TI010,预计收款日,YMD,yyyymmdd,符号掩码,展开后 8 位，与precision=8 吻合,不适用（非枚举，日期/时间格式掩码）
ACRTI,TI011,预计兑现日,YMD,yyyymmdd,符号掩码,展开后 8 位，与precision=8 吻合,不适用（非枚举，日期/时间格式掩码）
ACRTI,TI019,单据日期,YMD,yyyymmdd,符号掩码,展开后 8 位，与precision=8 吻合,不适用（非枚举，日期/时间格式掩码）
ACRTI,TI022,取得折扣收款日,YMD,yyyymmdd,符号掩码,展开后 8 位，与precision=8 吻合,不适用（非枚举，日期/时间格式掩码）
ACRTK,TK003,收款日期,YMD,yyyymmdd,符号掩码,展开后 8 位，与precision=8 吻合,不适用（非枚举，日期/时间格式掩码）
ACRTK,TK015,到期日,YMD,yyyymmdd,符号掩码,展开后 8 位，与precision=8 吻合,不适用（非枚举，日期/时间格式掩码）
ACRTK,TK022,单据日期,YMD,yyyymmdd,符号掩码,展开后 8 位，与precision=8 吻合,不适用（非枚举，日期/时间格式掩码）
ACRTL,TL009,单据日期,YMD,yyyymmdd,符号掩码,展开后 8 位，与precision=8 吻合,不适用（非枚举，日期/时间格式掩码）
ACRTL,TL026,核销日期,YMD,yyyymmdd,符号掩码,展开后 8 位，与precision=8 吻合,不适用（非枚举，日期/时间格式掩码）
ACRTM,TM003,审核日期,YMD,yyyymmdd,符号掩码,展开后 8 位，与precision=8 吻合,不适用（非枚举，日期/时间格式掩码）
ACRTM,TM009,单据日期,YMD,yyyymmdd,符号掩码,展开后 8 位，与precision=8 吻合,不适用（非枚举，日期/时间格式掩码）
ACRTN,TN003,审核日期,YMD,yyyymmdd,符号掩码,展开后 8 位，与precision=8 吻合,不适用（非枚举，日期/时间格式掩码）
ACRTN,TN017,单据日期,YMD,yyyymmdd,符号掩码,展开后 8 位，与precision=8 吻合,不适用（非枚举，日期/时间格式掩码）
ACRTQ,TQ004,发票日期,YMD,yyyymmdd,符号掩码,展开后 8 位，与precision=8 吻合,不适用（非枚举，日期/时间格式掩码）
ACTLA,LA004,来源凭证日期,YMD,yyyymmdd,符号掩码,展开后 8 位，与precision=8 吻合,不适用（非枚举，日期/时间格式掩码）
ACTMG,MG001,年度,Y,yyyy,符号掩码,展开后 4 位，与 precision=4 吻合,不适用（非枚举，日期/时间格式掩码）
ACTMG,MG002,年度起始日期,YMD,yyyymmdd,符号掩码,展开后 8 位，与precision=8 吻合,不适用（非枚举，日期/时间格式掩码）
ACTMH,MH001,年度,Y,yyyy,符号掩码,展开后 4 位，与 precision=4 吻合,不适用（非枚举，日期/时间格式掩码）
ACTMH,MH003,起始日期,YMD,yyyymmdd,符号掩码,展开后 8 位，与precision=8 吻合,不适用（非枚举，日期/时间格式掩码）
ACTMH,MH004,截止日期,YMD,yyyymmdd,符号掩码,展开后 8 位，与precision=8 吻合,不适用（非枚举，日期/时间格式掩码）
ACTMJ,MJ002,会计年度,Y,yyyy,符号掩码,展开后 4 位，与 precision=4 吻合,不适用（非枚举，日期/时间格式掩码）
ACTMK,MK002,会计年度,Y,yyyy,符号掩码,展开后 4 位，与 precision=4 吻合,不适用（非枚举，日期/时间格式掩码）
ACTMO,MO004,生效日期,YMD,yyyymmdd,符号掩码,展开后 8 位，与precision=8 吻合,不适用（非枚举，日期/时间格式掩码）
ACTMO,MO005,失效日期,YMD,yyyymmdd,符号掩码,展开后 8 位，与precision=8 吻合,不适用（非枚举，日期/时间格式掩码）
ACTMO,MO010,上次生成日期,YMD,yyyymmdd,符号掩码,展开后 8 位，与precision=8 吻合,不适用（非枚举，日期/时间格式掩码）
ACTTA,TA003,凭证日期,YMD,yyyymmdd,符号掩码,展开后 8 位，与precision=8 吻合,不适用（非枚举，日期/时间格式掩码）
ACTTA,TA014,审核日,YMD,yyyymmdd,符号掩码,展开后 8 位，与precision=8 吻合,不适用（非枚举，日期/时间格式掩码）
ACTTA,TA019,过账日,YMD,yyyymmdd,符号掩码,展开后 8 位，与precision=8 吻合,不适用（非枚举，日期/时间格式掩码）
ACTTA,TA022,出纳日,YMD,yyyymmdd,符号掩码,展开后 8 位，与precision=8 吻合,不适用（非枚举，日期/时间格式掩码）
ACTTB,TB024,结算日期,YMD,yyyymmdd,符号掩码,展开后 8 位，与precision=8 吻合,不适用（非枚举，日期/时间格式掩码）
ACTTC,TC003,生效日期,YMD,yyyymmdd,符号掩码,展开后 8 位，与precision=8 吻合,不适用（非枚举，日期/时间格式掩码）
ACTTC,TC004,失效日期,YMD,yyyymmdd,符号掩码,展开后 8 位，与precision=8 吻合,不适用（非枚举，日期/时间格式掩码）
ACTTJ,TJ001,会计年度,Y,yyyy,符号掩码,展开后 4 位，与 precision=4 吻合,不适用（非枚举，日期/时间格式掩码）
ACTTK,TK001,会计年度,Y,yyyy,符号掩码,展开后 4 位，与 precision=4 吻合,不适用（非枚举，日期/时间格式掩码）
AJSLA,LA005,单据日期,YMD,yyyymmdd,符号掩码,展开后 8 位，与precision=8 吻合,不适用（非枚举，日期/时间格式掩码）
AJSTA,TA006,凭证日期,YMD,yyyymmdd,符号掩码,展开后 8 位，与precision=8 吻合,不适用（非枚举，日期/时间格式掩码）
AJSTA,TA012,抛转日期,YMD,yyyymmdd,符号掩码,展开后 8 位，与precision=8 吻合,不适用（非枚举，日期/时间格式掩码）
AJSTB,TB024,结算日期,YMD,yyyymmdd,符号掩码,展开后 8 位，与precision=8 吻合,不适用（非枚举，日期/时间格式掩码）
AMSMB,MB002,年月,YM,yyyymm,符号掩码,展开后 6 位，与 precision=6 吻合,不适用（非枚举，日期/时间格式掩码）
AMSMC,MC002,刷卡日期,YMD,yyyymmdd,符号掩码,展开后 8 位，与precision=8 吻合,不适用（非枚举，日期/时间格式掩码）
AMSMC,MC006,归属日期,YMD,yyyymmdd,符号掩码,展开后 8 位，与precision=8 吻合,不适用（非枚举，日期/时间格式掩码）
AMSME,ME002,日期,YMD,yyyymmdd,符号掩码,展开后 8 位，与precision=8 吻合,不适用（非枚举，日期/时间格式掩码）
AMSMF,MF001,起始日期,YMD,yyyymmdd,符号掩码,展开后 8 位，与precision=8 吻合,不适用（非枚举，日期/时间格式掩码）
AMSMF,MF004,截止日期,YMD,yyyymmdd,符号掩码,展开后 8 位，与precision=8 吻合,不适用（非枚举，日期/时间格式掩码）
ASMLA,LA002,日期,YMD,yyyymmdd,符号掩码,展开后 8 位，与precision=8 吻合,不适用（非枚举，日期/时间格式掩码）
ASMMG,MG004,核价日,YMD,yyyymmdd,符号掩码,展开后 8 位，与precision=8 吻合,不适用（非枚举，日期/时间格式掩码）
ASMMG,MG005,生效日,YMD,yyyymmdd,符号掩码,展开后 8 位，与precision=8 吻合,不适用（非枚举，日期/时间格式掩码）
ASMMG,MG006,失效日,YMD,yyyymmdd,符号掩码,展开后 8 位，与precision=8 吻合,不适用（非枚举，日期/时间格式掩码）
ASMMV,MV004,生效日期,YMD,yyyymmdd,符号掩码,展开后 8 位，与precision=8 吻合,不适用（非枚举，日期/时间格式掩码）
ASMMV,MV005,失效日期,YMD,yyyymmdd,符号掩码,展开后 8 位，与precision=8 吻合,不适用（非枚举，日期/时间格式掩码）
ASMTM,TM036,生效日期,YMD,yyyymmdd,符号掩码,展开后 8 位，与precision=8 吻合,不适用（非枚举，日期/时间格式掩码）
ASMTM,TM037,失效日期,YMD,yyyymmdd,符号掩码,展开后 8 位，与precision=8 吻合,不适用（非枚举，日期/时间格式掩码）
ASMTS,TS008,处理日期,YMD,yyyymmdd,符号掩码,展开后 8 位，与precision=8 吻合,不适用（非枚举，日期/时间格式掩码）
ASMTT,TT005,调查日期,YMD,yyyymmdd,符号掩码,展开后 8 位，与precision=8 吻合,不适用（非枚举，日期/时间格式掩码）
ASMUA,UA006,单据日期,YMD,yyyymmdd,符号掩码,展开后 8 位，与precision=8 吻合,不适用（非枚举，日期/时间格式掩码）
ASMUA,UA008,审核日,YMD,yyyymmdd,符号掩码,展开后 8 位，与precision=8 吻合,不适用（非枚举，日期/时间格式掩码）
ASTLA,LA002,统计年月,YM,yyyymm,符号掩码,展开后 6 位，与 precision=6 吻合,不适用（非枚举，日期/时间格式掩码）
ASTLA,LA017,取得日期,YMD,yyyymmdd,符号掩码,展开后 8 位，与precision=8 吻合,不适用（非枚举，日期/时间格式掩码）
ASTLA,LA018,销账日期,YMD,yyyymmdd,符号掩码,展开后 8 位，与precision=8 吻合,不适用（非枚举，日期/时间格式掩码）
ASTLA,LA029,开始计提,YMD,yyyymmdd,符号掩码,展开后 8 位，与precision=8 吻合,不适用（非枚举，日期/时间格式掩码）
ASTLB,LB002,统计年月,YM,yyyymm,符号掩码,展开后 6 位，与 precision=6 吻合,不适用（非枚举，日期/时间格式掩码）
ASTLC,LC002,统计年月,YM,yyyymm,符号掩码,展开后 6 位，与 precision=6 吻合,不适用（非枚举，日期/时间格式掩码）
ASTMB,MB016,取得日期,YMD,yyyymmdd,符号掩码,展开后 8 位，与precision=8 吻合,不适用（非枚举，日期/时间格式掩码）
ASTMB,MB017,销账日期,YMD,yyyymmdd,符号掩码,展开后 8 位，与precision=8 吻合,不适用（非枚举，日期/时间格式掩码）
ASTMB,MB028,开始计提,YMD,yyyymmdd,符号掩码,展开后 8 位，与precision=8 吻合,不适用（非枚举，日期/时间格式掩码）
ASTMB,MB036,主管机关核准日期,YMD,yyyymmdd,符号掩码,展开后 8 位，与precision=8 吻合,不适用（非枚举，日期/时间格式掩码）
ASTMB,MB038,国税局核核准日期,YMD,yyyymmdd,符号掩码,展开后 8 位，与precision=8 吻合,不适用（非枚举，日期/时间格式掩码）
ASTMB,MB047,审核日,YMD,yyyymmdd,符号掩码,展开后 8 位，与precision=8 吻合,不适用（非枚举，日期/时间格式掩码）
ASTMF,MF002,盘点日期,YMD,yyyymmdd,符号掩码,展开后 8 位，与precision=8 吻合,不适用（非枚举，日期/时间格式掩码）
ASTTA,TA004,保险生效日,YMD,yyyymmdd,符号掩码,展开后 8 位，与precision=8 吻合,不适用（非枚举，日期/时间格式掩码）
ASTTA,TA005,保险到期日,YMD,yyyymmdd,符号掩码,展开后 8 位，与precision=8 吻合,不适用（非枚举，日期/时间格式掩码）
ASTTC,TC003,日期,YMD,yyyymmdd,符号掩码,展开后 8 位，与precision=8 吻合,不适用（非枚举，日期/时间格式掩码）
ASTTC,TC027,单据日期,YMD,yyyymmdd,符号掩码,展开后 8 位，与precision=8 吻合,不适用（非枚举，日期/时间格式掩码）
ASTTC,TCK13,原开始计提,YMD,yyyymmdd,符号掩码,展开后 8 位，与precision=8 吻合,不适用（非枚举，日期/时间格式掩码）
ASTTD,TDK04,单据日期,YMD,yyyymmdd,符号掩码,展开后 8 位，与precision=8 吻合,不适用（非枚举，日期/时间格式掩码）
ASTTE,TE003,日期,YMD,yyyymmdd,符号掩码,展开后 8 位，与precision=8 吻合,不适用（非枚举，日期/时间格式掩码）
ASTTE,TE008,单据日期,YMD,yyyymmdd,符号掩码,展开后 8 位，与precision=8 吻合,不适用（非枚举，日期/时间格式掩码）
ASTTG,TG012,预计收回日,YMD,yyyymmdd,符号掩码,展开后 8 位，与precision=8 吻合,不适用（非枚举，日期/时间格式掩码）
ASTTI,TI003,请购日期,YMD,yyyymmdd,符号掩码,展开后 8 位，与precision=8 吻合,不适用（非枚举，日期/时间格式掩码）
ASTTI,TI004,单据日期,YMD,yyyymmdd,符号掩码,展开后 8 位，与precision=8 吻合,不适用（非枚举，日期/时间格式掩码）
ASTTJ,TJ009,需求日期,YMD,yyyymmdd,符号掩码,展开后 8 位，与precision=8 吻合,不适用（非枚举，日期/时间格式掩码）
ASTTJ,TJ022,交货日,YMD,yyyymmdd,符号掩码,展开后 8 位，与precision=8 吻合,不适用（非枚举，日期/时间格式掩码）
ASTTM,TM003,采购日期,YMD,yyyymmdd,符号掩码,展开后 8 位，与precision=8 吻合,不适用（非枚举，日期/时间格式掩码）
ASTTM,TM004,单据日期,YMD,yyyymmdd,符号掩码,展开后 8 位，与precision=8 吻合,不适用（非枚举，日期/时间格式掩码）
ASTTN,TN015,预交货日,YMD,yyyymmdd,符号掩码,展开后 8 位，与precision=8 吻合,不适用（非枚举，日期/时间格式掩码）
ASTTO,TO003,进货日期,YMD,yyyymmdd,符号掩码,展开后 8 位，与precision=8 吻合,不适用（非枚举，日期/时间格式掩码）
ASTTO,TO004,单据日期,YMD,yyyymmdd,符号掩码,展开后 8 位，与precision=8 吻合,不适用（非枚举，日期/时间格式掩码）
ASTTO,TO023,发票日期,YMD,yyyymmdd,符号掩码,展开后 8 位，与precision=8 吻合,不适用（非枚举，日期/时间格式掩码）
ASTTO,TO024,申报年月,YM,yyyymm,符号掩码,展开后 6 位，与 precision=6 吻合,不适用（非枚举，日期/时间格式掩码）
ASTTP,TP012,验收日期,YMD,yyyymmdd,符号掩码,展开后 8 位，与precision=8 吻合,不适用（非枚举，日期/时间格式掩码）
BMSMD,MD020,领料/进货日期,YMD,yyyymmdd,符号掩码,展开后 8 位，与precision=8 吻合,不适用（非枚举，日期/时间格式掩码）
BMSME,ME003,单据日期,YMD,yyyymmdd,符号掩码,展开后 8 位，与precision=8 吻合,不适用（非枚举，日期/时间格式掩码）
BMSME,ME004,审核日期,YMD,yyyymmdd,符号掩码,展开后 8 位，与precision=8 吻合,不适用（非枚举，日期/时间格式掩码）
BOMCB,CB013,生效日期,YMD,yyyymmdd,符号掩码,展开后 8 位，与precision=8 吻合,不适用（非枚举，日期/时间格式掩码）
BOMCB,CB014,失效日期,YMD,yyyymmdd,符号掩码,展开后 8 位，与precision=8 吻合,不适用（非枚举，日期/时间格式掩码）
BOMCD,CD005,生效日期,YMD,yyyymmdd,符号掩码,展开后 8 位，与precision=8 吻合,不适用（非枚举，日期/时间格式掩码）
BOMCD,CD006,失效日期,YMD,yyyymmdd,符号掩码,展开后 8 位，与precision=8 吻合,不适用（非枚举，日期/时间格式掩码）
BOMCF,CF006,生效日期,YMD,yyyymmdd,符号掩码,展开后 8 位，与precision=8 吻合,不适用（非枚举，日期/时间格式掩码）
BOMCF,CF007,失效日期,YMD,yyyymmdd,符号掩码,展开后 8 位，与precision=8 吻合,不适用（非枚举，日期/时间格式掩码）
BOMMB,MB006,生效日期,YMD,yyyymmdd,符号掩码,展开后 8 位，与precision=8 吻合,不适用（非枚举，日期/时间格式掩码）
BOMMB,MB007,失效日期,YMD,yyyymmdd,符号掩码,展开后 8 位，与precision=8 吻合,不适用（非枚举，日期/时间格式掩码）
BOMMD,MD011,生效日期,YMD,yyyymmdd,符号掩码,展开后 8 位，与precision=8 吻合,不适用（非枚举，日期/时间格式掩码）
BOMMD,MD012,失效日期,YMD,yyyymmdd,符号掩码,展开后 8 位，与precision=8 吻合,不适用（非枚举，日期/时间格式掩码）
BOMMH,MH007,送样日期,YMD,yyyymmdd,符号掩码,展开后 8 位，与precision=8 吻合,不适用（非枚举，日期/时间格式掩码）
BOMMH,MH008,生效日期,YMD,yyyymmdd,符号掩码,展开后 8 位，与precision=8 吻合,不适用（非枚举，日期/时间格式掩码）
BOMMH,MH009,失效日期,YMD,yyyymmdd,符号掩码,展开后 8 位，与precision=8 吻合,不适用（非枚举，日期/时间格式掩码）
BOMMK,MK011,生效日期,YMK,yyyymmdd,符号掩码,与 precision=8 吻合；后缀 K 语义未确证，按日期处理,不适用（非枚举，日期/时间格式掩码）
BOMMK,MK012,失效日期,YMK,yyyymmdd,符号掩码,与 precision=8 吻合；后缀 K 语义未确证，按日期处理,不适用（非枚举，日期/时间格式掩码）
BOMMM,MM003,生效日期,YMK,yyyymmdd,符号掩码,与 precision=8 吻合；后缀 K 语义未确证，按日期处理,不适用（非枚举，日期/时间格式掩码）
BOMMM,MM004,失效日期,YMK,yyyymmdd,符号掩码,与 precision=8 吻合；后缀 K 语义未确证，按日期处理,不适用（非枚举，日期/时间格式掩码）
BOMMM,MM007,BOM更新日期,YMD,yyyymmdd,符号掩码,展开后 8 位，与precision=8 吻合,不适用（非枚举，日期/时间格式掩码）
BOMMN,MN006,生效日期,YMK,yyyymmdd,符号掩码,与 precision=8 吻合；后缀 K 语义未确证，按日期处理,不适用（非枚举，日期/时间格式掩码）
BOMMN,MN007,失效日期,YMK,yyyymmdd,符号掩码,与 precision=8 吻合；后缀 K 语义未确证，按日期处理,不适用（非枚举，日期/时间格式掩码）
BOMTA,TA003,变更日期,YMK,yyyymmdd,符号掩码,与 precision=8 吻合；后缀 K 语义未确证，按日期处理,不适用（非枚举，日期/时间格式掩码）
BOMTA,TA009,单据日期,YMK,yyyymmdd,符号掩码,与 precision=8 吻合；后缀 K 语义未确证，按日期处理,不适用（非枚举，日期/时间格式掩码）
BOMTC,TC013,生效日期,YMK,yyyymmdd,符号掩码,与 precision=8 吻合；后缀 K 语义未确证，按日期处理,不适用（非枚举，日期/时间格式掩码）
BOMTC,TC014,失效日期,YMK,yyyymmdd,符号掩码,与 precision=8 吻合；后缀 K 语义未确证，按日期处理,不适用（非枚举，日期/时间格式掩码）
BOMTC,TC113,原生效日期,YMK,yyyymmdd,符号掩码,与 precision=8 吻合；后缀 K 语义未确证，按日期处理,不适用（非枚举，日期/时间格式掩码）
BOMTC,TC114,原失效日期,YMK,yyyymmdd,符号掩码,与 precision=8 吻合；后缀 K 语义未确证，按日期处理,不适用（非枚举，日期/时间格式掩码）
BOMTD,TD003,组合日期,YMK,yyyymmdd,符号掩码,与 precision=8 吻合；后缀 K 语义未确证，按日期处理,不适用（非枚举，日期/时间格式掩码）
BOMTD,TD014,单据日期,YMK,yyyymmdd,符号掩码,与 precision=8 吻合；后缀 K 语义未确证，按日期处理,不适用（非枚举，日期/时间格式掩码）
BOMTD,TD018,有效日期,YMD,yyyymmdd,符号掩码,展开后 8 位，与precision=8 吻合,不适用（非枚举，日期/时间格式掩码）
BOMTD,TD019,复检日期,YMD,yyyymmdd,符号掩码,展开后 8 位，与precision=8 吻合,不适用（非枚举，日期/时间格式掩码）
BOMTF,TF003,拆解日期,YMK,yyyymmdd,符号掩码,与 precision=8 吻合；后缀 K 语义未确证，按日期处理,不适用（非枚举，日期/时间格式掩码）
BOMTF,TF012,单据日期,YMK,yyyymmdd,符号掩码,与 precision=8 吻合；后缀 K 语义未确证，按日期处理,不适用（非枚举，日期/时间格式掩码）
BOMTG,TG012,有效日期,YMD,yyyymmdd,符号掩码,展开后 8 位，与precision=8 吻合,不适用（非枚举，日期/时间格式掩码）
BOMTG,TG013,复检日期,YMD,yyyymmdd,符号掩码,展开后 8 位，与precision=8 吻合,不适用（非枚举，日期/时间格式掩码）
BOMTH,TH007,审核日期,YMK,yyyymmdd,符号掩码,与 precision=8 吻合；后缀 K 语义未确证，按日期处理,不适用（非枚举，日期/时间格式掩码）
BOMTH,TH014,送样日期,YMK,yyyymmdd,符号掩码,与 precision=8 吻合；后缀 K 语义未确证，按日期处理,不适用（非枚举，日期/时间格式掩码）
BOMTH,TH015,生效日期,YMK,yyyymmdd,符号掩码,与 precision=8 吻合；后缀 K 语义未确证，按日期处理,不适用（非枚举，日期/时间格式掩码）
BOMTH,TH016,失效日期,YMK,yyyymmdd,符号掩码,与 precision=8 吻合；后缀 K 语义未确证，按日期处理,不适用（非枚举，日期/时间格式掩码）
BOMTH,TH114,原送样日期,YMK,yyyymmdd,符号掩码,与 precision=8 吻合；后缀 K 语义未确证，按日期处理,不适用（非枚举，日期/时间格式掩码）
BOMTH,TH115,原生效日期,YMK,yyyymmdd,符号掩码,与 precision=8 吻合；后缀 K 语义未确证，按日期处理,不适用（非枚举，日期/时间格式掩码）
BOMTH,TH116,原失效日期,YMK,yyyymmdd,符号掩码,与 precision=8 吻合；后缀 K 语义未确证，按日期处理,不适用（非枚举，日期/时间格式掩码）
BOMTI,TI003,变更日期,YMK,yyyymmdd,符号掩码,与 precision=8 吻合；后缀 K 语义未确证，按日期处理,不适用（非枚举，日期/时间格式掩码）
BOMTI,TI009,单据日期,YMK,yyyymmdd,符号掩码,与 precision=8 吻合；后缀 K 语义未确证，按日期处理,不适用（非枚举，日期/时间格式掩码）
BOMTK,TK013,生效日期,YMK,yyyymmdd,符号掩码,与 precision=8 吻合；后缀 K 语义未确证，按日期处理,不适用（非枚举，日期/时间格式掩码）
BOMTK,TK014,失效日期,YMK,yyyymmdd,符号掩码,与 precision=8 吻合；后缀 K 语义未确证，按日期处理,不适用（非枚举，日期/时间格式掩码）
BOMTK,TK113,原生效日期,YMK,yyyymmdd,符号掩码,与 precision=8 吻合；后缀 K 语义未确证，按日期处理,不适用（非枚举，日期/时间格式掩码）
BOMTK,TK114,原失效日期,YMK,yyyymmdd,符号掩码,与 precision=8 吻合；后缀 K 语义未确证，按日期处理,不适用（非枚举，日期/时间格式掩码）
CMSMA,MA011,库存现行年月,YM,yyyymm,符号掩码,展开后 6 位，与 precision=6 吻合,不适用（非枚举，日期/时间格式掩码）
CMSMA,MA012,库存关账年月,YM,yyyymm,符号掩码,展开后 6 位，与 precision=6 吻合,不适用（非枚举，日期/时间格式掩码）
CMSMA,MA013,账务冻结日期,YMD,yyyymmdd,符号掩码,展开后 8 位，与precision=8 吻合,不适用（非枚举，日期/时间格式掩码）
CMSMA,MA019,会计现行年度,Y,yyyy,符号掩码,展开后 4 位，与 precision=4 吻合,不适用（非枚举，日期/时间格式掩码）
CMSMA,MA020,会计关账年度,Y,yyyy,符号掩码,展开后 4 位，与 precision=4 吻合,不适用（非枚举，日期/时间格式掩码）
CMSMA,MA021,银行存款现行年月,YM,yyyymm,符号掩码,展开后 6 位，与 precision=6 吻合,不适用（非枚举，日期/时间格式掩码）
CMSMA,MA022,计薪年月,YM,yyyymm,符号掩码,展开后 6 位，与 precision=6 吻合,不适用（非枚举，日期/时间格式掩码）
CMSMA,MA027,应收现行年月,YM,yyyymm,符号掩码,展开后 6 位，与 precision=6 吻合,不适用（非枚举，日期/时间格式掩码）
CMSMA,MA028,应收关账年月,YM,yyyymm,符号掩码,展开后 6 位，与 precision=6 吻合,不适用（非枚举，日期/时间格式掩码）
CMSMA,MA029,应付现行年月,YM,yyyymm,符号掩码,展开后 6 位，与 precision=6 吻合,不适用（非枚举，日期/时间格式掩码）
CMSMA,MA030,应付关账年月,YM,yyyymm,符号掩码,展开后 6 位，与 precision=6 吻合,不适用（非枚举，日期/时间格式掩码）
CMSMA,MA169,固定资产现行年月,YM,yyyymm,符号掩码,展开后 6 位，与 precision=6 吻合,不适用（非枚举，日期/时间格式掩码）
CMSMG,MG002,生效日期,YMD,yyyymmdd,符号掩码,展开后 8 位，与precision=8 吻合,不适用（非枚举，日期/时间格式掩码）
CMSMI,MI002,年份,Y,yyyy,符号掩码,展开后 4 位，与 precision=4 吻合,不适用（非枚举，日期/时间格式掩码）
CMSMP,MP002,年份,Y,yyyy,符号掩码,展开后 4 位，与 precision=4 吻合,不适用（非枚举，日期/时间格式掩码）
CMSMP,MP004,日期,YMD,yyyymmdd,符号掩码,展开后 8 位，与precision=8 吻合,不适用（非枚举，日期/时间格式掩码）
CMSMV,MV008,出生日期,YMD,yyyymmdd,符号掩码,展开后 8 位，与precision=8 吻合,不适用（非枚举，日期/时间格式掩码）
CMSMV,MV021,到职日,YMD,yyyymmdd,符号掩码,展开后 8 位，与precision=8 吻合,不适用（非枚举，日期/时间格式掩码）
CMSMV,MV022,离职日,YMD,yyyymmdd,符号掩码,展开后 8 位，与precision=8 吻合,不适用（非枚举，日期/时间格式掩码）
CMSMV,MV023,退休日,YMD,yyyymmdd,符号掩码,展开后 8 位，与precision=8 吻合,不适用（非枚举，日期/时间格式掩码）
CMSMV,MV048,体检日期,YMD,yyyymmdd,符号掩码,展开后 8 位，与precision=8 吻合,不适用（非枚举，日期/时间格式掩码）
CMSMV,MV049,入境日期,YMD,yyyymmdd,符号掩码,展开后 8 位，与precision=8 吻合,不适用（非枚举，日期/时间格式掩码）
CMSMV,MV050,到期日期,YMD,yyyymmdd,符号掩码,展开后 8 位，与precision=8 吻合,不适用（非枚举，日期/时间格式掩码）
CMSMV,MV052,试用期满日,YMD,yyyymmdd,符号掩码,展开后 8 位，与precision=8 吻合,不适用（非枚举，日期/时间格式掩码）
CMSMV,MV053,预计退休日,YMD,yyyymmdd,符号掩码,展开后 8 位，与precision=8 吻合,不适用（非枚举，日期/时间格式掩码）
CMSMV,MV059,签约日期,YMD,yyyymmdd,符号掩码,展开后 8 位，与precision=8 吻合,不适用（非枚举，日期/时间格式掩码）
CMSMV,MV060,到期日期,YMD,yyyymmdd,符号掩码,展开后 8 位，与precision=8 吻合,不适用（非枚举，日期/时间格式掩码）
CMSMY,MY002,生产日期,YMD,yyyymmdd,符号掩码,展开后 8 位，与precision=8 吻合,不适用（非枚举，日期/时间格式掩码）
CMSMZ,MZ002,生产日期,YMD,yyyymmdd,符号掩码,展开后 8 位，与precision=8 吻合,不适用（非枚举，日期/时间格式掩码）
COPDA,DA005,单据日期,YMD,yyyymmdd,符号掩码,展开后 8 位，与precision=8 吻合,不适用（非枚举，日期/时间格式掩码）
COPDA,DA007,审核日,YMD,yyyymmdd,符号掩码,展开后 8 位，与precision=8 吻合,不适用（非枚举，日期/时间格式掩码）
COPIA,IA004,审核日期,YMD,yyyymmdd,符号掩码,展开后 8 位，与precision=8 吻合,不适用（非枚举，日期/时间格式掩码）
COPIC,IC110,原审核日期,YMD,yyyymmdd,符号掩码,展开后 8 位，与precision=8 吻合,不适用（非枚举，日期/时间格式掩码）
COPMA,MA020,开业日期,YMD,yyyymmdd,符号掩码,展开后 8 位，与precision=8 吻合,不适用（非枚举，日期/时间格式掩码）
COPMA,MA021,初次交易日,YMD,yyyymmdd,符号掩码,展开后 8 位，与precision=8 吻合,不适用（非枚举，日期/时间格式掩码）
COPMA,MA022,最近交易日,YMD,yyyymmdd,符号掩码,展开后 8 位，与precision=8 吻合,不适用（非枚举，日期/时间格式掩码）
COPMA,MA068,停业日期,YMD,yyyymmdd,符号掩码,展开后 8 位，与precision=8 吻合,不适用（非枚举，日期/时间格式掩码）
COPMB,MB009,核价日,YMD,yyyymmdd,符号掩码,展开后 8 位，与precision=8 吻合,不适用（非枚举，日期/时间格式掩码）
COPMB,MB010,上次销货日,YMD,yyyymmdd,符号掩码,展开后 8 位，与precision=8 吻合,不适用（非枚举，日期/时间格式掩码）
COPMB,MB014,初次交易日,YMD,yyyymmdd,符号掩码,展开后 8 位，与precision=8 吻合,不适用（非枚举，日期/时间格式掩码）
COPMB,MB017,生效日,YMD,yyyymmdd,符号掩码,展开后 8 位，与precision=8 吻合,不适用（非枚举，日期/时间格式掩码）
COPMB,MB018,失效日,YMD,yyyymmdd,符号掩码,展开后 8 位，与precision=8 吻合,不适用（非枚举，日期/时间格式掩码）
COPMC,MC009,生效日,YMD,yyyymmdd,符号掩码,展开后 8 位，与precision=8 吻合,不适用（非枚举，日期/时间格式掩码）
COPMF,MF006,日期,YMD,yyyymmdd,符号掩码,展开后 8 位，与precision=8 吻合,不适用（非枚举，日期/时间格式掩码）
COPMI,MI004,生效日,YMD,yyyymmdd,符号掩码,展开后 8 位，与precision=8 吻合,不适用（非枚举，日期/时间格式掩码）
COPMI,MI005,失效日,YMD,yyyymmdd,符号掩码,展开后 8 位，与precision=8 吻合,不适用（非枚举，日期/时间格式掩码）
COPMJ,MJ004,生效日,YMD,yyyymmdd,符号掩码,展开后 8 位，与precision=8 吻合,不适用（非枚举，日期/时间格式掩码）
COPTA,TA003,报价日期,YMD,yyyymmdd,符号掩码,展开后 8 位，与precision=8 吻合,不适用（非枚举，日期/时间格式掩码）
COPTA,TA013,单据日期,YMD,yyyymmdd,符号掩码,展开后 8 位，与precision=8 吻合,不适用（非枚举，日期/时间格式掩码）
COPTB,TB016,生效日期,YMD,yyyymmdd,符号掩码,展开后 8 位，与precision=8 吻合,不适用（非枚举，日期/时间格式掩码）
COPTB,TB017,失效日期,YMD,yyyymmdd,符号掩码,展开后 8 位，与precision=8 吻合,不适用（非枚举，日期/时间格式掩码）
COPTC,TC003,订单日期,YMD,yyyymmdd,符号掩码,展开后 8 位，与precision=8 吻合,不适用（非枚举，日期/时间格式掩码）
COPTC,TC039,单据日期,YMD,yyyymmdd,符号掩码,展开后 8 位，与precision=8 吻合,不适用（非枚举，日期/时间格式掩码）
COPTD,TD013,预交货日,YMD,yyyymmdd,符号掩码,展开后 8 位，与precision=8 吻合,不适用（非枚举，日期/时间格式掩码）
COPTE,TE004,变更日期,YMD,yyyymmdd,符号掩码,展开后 8 位，与precision=8 吻合,不适用（非枚举，日期/时间格式掩码）
COPTE,TE038,单据日期,YMD,yyyymmdd,符号掩码,展开后 8 位，与precision=8 吻合,不适用（非枚举，日期/时间格式掩码）
COPTF,TF015,新预交货日,YMD,yyyymmdd,符号掩码,展开后 8 位，与precision=8 吻合,不适用（非枚举，日期/时间格式掩码）
COPTF,TF115,原预交货日,YMD,yyyymmdd,符号掩码,展开后 8 位，与precision=8 吻合,不适用（非枚举，日期/时间格式掩码）
COPTG,TG003,销货日期,YMD,yyyymmdd,符号掩码,展开后 8 位，与precision=8 吻合,不适用（非枚举，日期/时间格式掩码）
COPTG,TG021,预留字段,YMD,yyyymmdd,符号掩码,展开后 8 位，与precision=8 吻合,不适用（非枚举，日期/时间格式掩码）
COPTG,TG038,申报年月,YM,yyyymm,符号掩码,展开后 6 位，与 precision=6 吻合,不适用（非枚举，日期/时间格式掩码）
COPTG,TG042,单据日期,YMD,yyyymmdd,符号掩码,展开后 8 位，与precision=8 吻合,不适用（非枚举，日期/时间格式掩码）
COPTH,TH051,生产日期,YMD,yyyymmdd,符号掩码,展开后 8 位，与precision=8 吻合,不适用（非枚举，日期/时间格式掩码）
COPTH,TH052,有效日期,YMD,yyyymmdd,符号掩码,展开后 8 位，与precision=8 吻合,不适用（非枚举，日期/时间格式掩码）
COPTH,TH053,复检日期,YMD,yyyymmdd,符号掩码,展开后 8 位，与precision=8 吻合,不适用（非枚举，日期/时间格式掩码）
COPTI,TI003,销退日,YMD,yyyymmdd,符号掩码,展开后 8 位，与precision=8 吻合,不适用（非枚举，日期/时间格式掩码）
COPTI,TI017,预留字段,YMD,yyyymmdd,符号掩码,展开后 8 位，与precision=8 吻合,不适用（非枚举，日期/时间格式掩码）
COPTI,TI033,申报年月,YM,yyyymm,符号掩码,展开后 6 位，与 precision=6 吻合,不适用（非枚举，日期/时间格式掩码）
COPTI,TI034,单据日期,YMD,yyyymmdd,符号掩码,展开后 8 位，与precision=8 吻合,不适用（非枚举，日期/时间格式掩码）
COPTJ,TJ038,验收日期,YMD,yyyymmdd,符号掩码,展开后 8 位，与precision=8 吻合,不适用（非枚举，日期/时间格式掩码）
COPTJ,TJ058,有效日期,YMD,yyyymmdd,符号掩码,展开后 8 位，与precision=8 吻合,不适用（非枚举，日期/时间格式掩码）
COPTJ,TJ059,复检日期,YMD,yyyymmdd,符号掩码,展开后 8 位，与precision=8 吻合,不适用（非枚举，日期/时间格式掩码）
COPTJ,TJ060,生产日期,YMD,yyyymmdd,符号掩码,展开后 8 位，与precision=8 吻合,不适用（非枚举，日期/时间格式掩码）
COPTN,TN003,通知日期,YMD,yyyymmdd,符号掩码,展开后 8 位，与precision=8 吻合,不适用（非枚举，日期/时间格式掩码）
COPTN,TN021,单据日期,YMD,yyyymmdd,符号掩码,展开后 8 位，与precision=8 吻合,不适用（非枚举，日期/时间格式掩码）
COPTO,TO015,复检日期,YMD,yyyymmdd,符号掩码,展开后 8 位，与precision=8 吻合,不适用（非枚举，日期/时间格式掩码）
COPTO,TO016,有效日期,YMD,yyyymmdd,符号掩码,展开后 8 位，与precision=8 吻合,不适用（非枚举，日期/时间格式掩码）
COPTO,TO037,生产日期,YMD,yyyymmdd,符号掩码,展开后 8 位，与precision=8 吻合,不适用（非枚举，日期/时间格式掩码）
COPTQ,TQ004,BOM日期,YMD,yyyymmdd,符号掩码,展开后 8 位，与precision=8 吻合,不适用（非枚举，日期/时间格式掩码）
COPTQ,TQ007,审核日,YMD,yyyymmdd,符号掩码,展开后 8 位，与precision=8 吻合,不适用（非枚举，日期/时间格式掩码）
COPTR,TR015,生效日期,YMD,yyyymmdd,符号掩码,展开后 8 位，与precision=8 吻合,不适用（非枚举，日期/时间格式掩码）
COPTR,TR016,失效日期,YMD,yyyymmdd,符号掩码,展开后 8 位，与precision=8 吻合,不适用（非枚举，日期/时间格式掩码）
COPTS,TS005,变更日期,YMD,yyyymmdd,符号掩码,展开后 8 位，与precision=8 吻合,不适用（非枚举，日期/时间格式掩码）
COPTS,TS013,审核日期,YMD,yyyymmdd,符号掩码,展开后 8 位，与precision=8 吻合,不适用（非枚举，日期/时间格式掩码）
CSTLA,LA003,年月,YM,yyyymm,符号掩码,展开后 6 位，与 precision=6 吻合,不适用（非枚举，日期/时间格式掩码）
CSTLB,LB001,年月,YM,yyyymm,符号掩码,展开后 6 位，与 precision=6 吻合,不适用（非枚举，日期/时间格式掩码）
CSTLC,LC001,年月,YM,yyyymm,符号掩码,展开后 6 位，与 precision=6 吻合,不适用（非枚举，日期/时间格式掩码）
CSTMB,MB002,日期,YMD,yyyymmdd,符号掩码,展开后 8 位，与precision=8 吻合,不适用（非枚举，日期/时间格式掩码）
CSTMC,MC002,年月,YM,yyyymm,符号掩码,展开后 6 位，与 precision=6 吻合,不适用（非枚举，日期/时间格式掩码）
CSTME,ME002,年月,YM,yyyymm,符号掩码,展开后 6 位，与 precision=6 吻合,不适用（非枚举，日期/时间格式掩码）
CSTMG,MG008,最近计算年月,YM,yyyymm,符号掩码,展开后 6 位，与 precision=6 吻合,不适用（非枚举，日期/时间格式掩码）
CSTMK,MK004,日期,YMD,yyyymmdd,符号掩码,展开后 8 位，与precision=8 吻合,不适用（非枚举，日期/时间格式掩码）
CSTTA,TA002,年月,YM,yyyymm,符号掩码,展开后 6 位，与 precision=6 吻合,不适用（非枚举，日期/时间格式掩码）
CSTTB,TB001,年月,YM,yyyymm,符号掩码,展开后 6 位，与 precision=6 吻合,不适用（非枚举，日期/时间格式掩码）
CSTTG,TG001,年月,YM,yyyymm,符号掩码,展开后 6 位，与 precision=6 吻合,不适用（非枚举，日期/时间格式掩码）
CUSTA,TA002,合同日期,YMD,yyyymmdd,符号掩码,展开后 8 位，与precision=8 吻合,不适用（非枚举，日期/时间格式掩码）
CUSTA,TA006,生效日,YMD,yyyymmdd,符号掩码,展开后 8 位，与precision=8 吻合,不适用（非枚举，日期/时间格式掩码）
CUSTA,TA007,失效日,YMD,yyyymmdd,符号掩码,展开后 8 位，与precision=8 吻合,不适用（非枚举，日期/时间格式掩码）
CUSTA,TA010,核销日,YMD,yyyymmdd,符号掩码,展开后 8 位，与precision=8 吻合,不适用（非枚举，日期/时间格式掩码）
CUSTA,TA013,审批日期,YMD,yyyymmdd,符号掩码,展开后 8 位，与precision=8 吻合,不适用（非枚举，日期/时间格式掩码）
CUSTD,TD006,生效日,YMD,yyyymmdd,符号掩码,展开后 8 位，与precision=8 吻合,不适用（非枚举，日期/时间格式掩码）
CUSTD,TD007,失效日,YMD,yyyymmdd,符号掩码,展开后 8 位，与precision=8 吻合,不适用（非枚举，日期/时间格式掩码）
CUSTD,TD008,延期日,YMD,yyyymmdd,符号掩码,展开后 8 位，与precision=8 吻合,不适用（非枚举，日期/时间格式掩码）
CUSTD,TD011,单据日期,YMD,yyyymmdd,符号掩码,展开后 8 位，与precision=8 吻合,不适用（非枚举，日期/时间格式掩码）
CUSTD,TD013,变更日期,YMD,yyyymmdd,符号掩码,展开后 8 位，与precision=8 吻合,不适用（非枚举，日期/时间格式掩码）
CUSTJ,TJ002,申请日期,YMD,yyyymmdd,符号掩码,展开后 8 位，与precision=8 吻合,不适用（非枚举，日期/时间格式掩码）
CUSTM,TM003,单据日期,YMD,yyyymmdd,符号掩码,展开后 8 位，与precision=8 吻合,不适用（非枚举，日期/时间格式掩码）
EISLA,LA001,会计年度,Y,yyyy,符号掩码,展开后 4 位，与 precision=4 吻合,不适用（非枚举，日期/时间格式掩码）
EISLB,LB008,日期,YMD,yyyymmdd,符号掩码,展开后 8 位，与precision=8 吻合,不适用（非枚举，日期/时间格式掩码）
EISLC,LC008,日期,YMD,yyyymmdd,符号掩码,展开后 8 位，与precision=8 吻合,不适用（非枚举，日期/时间格式掩码）
EISLD,LD012,日期,YMD,yyyymmdd,符号掩码,展开后 8 位，与precision=8 吻合,不适用（非枚举，日期/时间格式掩码）
EISLE,LE010,日期,YMD,yyyymmdd,符号掩码,展开后 8 位，与precision=8 吻合,不适用（非枚举，日期/时间格式掩码）
EISLF,LF002,日期,YMD,yyyymmdd,符号掩码,展开后 8 位，与precision=8 吻合,不适用（非枚举，日期/时间格式掩码）
EISLG,LG006,日期,YMD,yyyymmdd,符号掩码,展开后 8 位，与precision=8 吻合,不适用（非枚举，日期/时间格式掩码）
EISLH,LH012,日期,YMD,yyyymmdd,符号掩码,展开后 8 位，与precision=8 吻合,不适用（非枚举，日期/时间格式掩码）
EISLI,LI010,账款截止日期,YYYY/MM/DD,yyyy/mm/dd,显式掩码,字符数 10 == precision=10,不适用（非枚举，日期/时间格式掩码）
EISLI,LI011,账款分析日期,YYYY/MM/DD,yyyy/mm/dd,显式掩码,字符数 10 == precision=10,不适用（非枚举，日期/时间格式掩码）
EISLJ,LJ001,日期,YMD,yyyymmdd,符号掩码,展开后 8 位，与precision=8 吻合,不适用（非枚举，日期/时间格式掩码）
EPSTA,TA003,通知日期,YMD,yyyymmdd,符号掩码,展开后 8 位，与precision=8 吻合,不适用（非枚举，日期/时间格式掩码）
EPSTA,TA016,预留字段,YMD,yyyymmdd,符号掩码,展开后 8 位，与precision=8 吻合,不适用（非枚举，日期/时间格式掩码）
EPSTA,TA039,ETA,YMD,yyyymmdd,符号掩码,展开后 8 位，与precision=8 吻合,不适用（非枚举，日期/时间格式掩码）
EPSTA,TA040,ETD,YMD,yyyymmdd,符号掩码,展开后 8 位，与precision=8 吻合,不适用（非枚举，日期/时间格式掩码）
EPSTA,TA052,结关日,YMD,yyyymmdd,符号掩码,展开后 8 位，与precision=8 吻合,不适用（非枚举，日期/时间格式掩码）
EPSTA,TA053,装货日,YMD,yyyymmdd,符号掩码,展开后 8 位，与precision=8 吻合,不适用（非枚举，日期/时间格式掩码）
EPSTA,TA054,装船日,YMD,yyyymmdd,符号掩码,展开后 8 位，与precision=8 吻合,不适用（非枚举，日期/时间格式掩码）
EPSTA,TA070,单据日期,YMD,yyyymmdd,符号掩码,展开后 8 位，与precision=8 吻合,不适用（非枚举，日期/时间格式掩码）
EPSTA,TA072,PACKING审核日期,YMD,yyyymmdd,符号掩码,展开后 8 位，与precision=8 吻合,不适用（非枚举，日期/时间格式掩码）
EPSTD,TD004,运货日期,YMD,yyyymmdd,符号掩码,展开后 8 位，与precision=8 吻合,不适用（非枚举，日期/时间格式掩码）
EPSTD,TD016,单据日期,YMD,yyyymmdd,符号掩码,展开后 8 位，与precision=8 吻合,不适用（非枚举，日期/时间格式掩码）
EPSTF,TF008,开状日,YMD,yyyymmdd,符号掩码,展开后 8 位，与precision=8 吻合,不适用（非枚举，日期/时间格式掩码）
EPSTF,TF009,收到日,YMD,yyyymmdd,符号掩码,展开后 8 位，与precision=8 吻合,不适用（非枚举，日期/时间格式掩码）
EPSTF,TF010,L.装船日,YMD,yyyymmdd,符号掩码,展开后 8 位，与precision=8 吻合,不适用（非枚举，日期/时间格式掩码）
EPSTF,TF011,L.押汇日,YMD,yyyymmdd,符号掩码,展开后 8 位，与precision=8 吻合,不适用（非枚举，日期/时间格式掩码）
EPSTF,TF012,到期日,YMD,yyyymmdd,符号掩码,展开后 8 位，与precision=8 吻合,不适用（非枚举，日期/时间格式掩码）
EPSTF,TF025,审核日期,YMD,yyyymmdd,符号掩码,展开后 8 位，与precision=8 吻合,不适用（非枚举，日期/时间格式掩码）
EPSTH,TH003,费用日期,YMD,yyyymmdd,符号掩码,展开后 8 位，与precision=8 吻合,不适用（非枚举，日期/时间格式掩码）
EPSTH,TH005,发票日期,YMD,yyyymmdd,符号掩码,展开后 8 位，与precision=8 吻合,不适用（非枚举，日期/时间格式掩码）
EPSTH,TH017,单据日期,YMD,yyyymmdd,符号掩码,展开后 8 位，与precision=8 吻合,不适用（非枚举，日期/时间格式掩码）
EQTTS,TS003,审核日期,YMD,yyyymmdd,符号掩码,展开后 8 位，与precision=8 吻合,不适用（非枚举，日期/时间格式掩码）
EQTTS,TS007,单据日期,YMD,yyyymmdd,符号掩码,展开后 8 位，与precision=8 吻合,不适用（非枚举，日期/时间格式掩码）
EQTTU,TU003,审核日期,YMD,yyyymmdd,符号掩码,展开后 8 位，与precision=8 吻合,不适用（非枚举，日期/时间格式掩码）
EQTTU,TU007,单据日期,YMD,yyyymmdd,符号掩码,展开后 8 位，与precision=8 吻合,不适用（非枚举，日期/时间格式掩码）
FACTA,TA002,存款年月,YM,yyyymm,符号掩码,展开后 6 位，与 precision=6 吻合,不适用（非枚举，日期/时间格式掩码）
FACTB,TB002,存款年月,YM,yyyymm,符号掩码,展开后 6 位，与 precision=6 吻合,不适用（非枚举，日期/时间格式掩码）
FACTB,TB005,结算日期,YMD,yyyymmdd,符号掩码,展开后 8 位，与precision=8 吻合,不适用（非枚举，日期/时间格式掩码）
FACTC,TC002,存款年月,YM,yyyymm,符号掩码,展开后 6 位，与 precision=6 吻合,不适用（非枚举，日期/时间格式掩码）
FACTD,TD002,存款年月,YM,yyyymm,符号掩码,展开后 6 位，与 precision=6 吻合,不适用（非枚举，日期/时间格式掩码）
FACTD,TD005,结算日期,YMD,yyyymmdd,符号掩码,展开后 8 位，与precision=8 吻合,不适用（非枚举，日期/时间格式掩码）
FACTE,TE002,存款年月,YM,yyyymm,符号掩码,展开后 6 位，与 precision=6 吻合,不适用（非枚举，日期/时间格式掩码）
FACTE,TE010,审核日期,YMD,yyyymmdd,符号掩码,展开后 8 位，与precision=8 吻合,不适用（非枚举，日期/时间格式掩码）
FACTF,TF002,存款年月,YM,yyyymm,符号掩码,展开后 6 位，与 precision=6 吻合,不适用（非枚举，日期/时间格式掩码）
FACTF,TF005,结算日期,YMD,yyyymmdd,符号掩码,展开后 8 位，与precision=8 吻合,不适用（非枚举，日期/时间格式掩码）
FACTG,TG002,存款年月,YM,yyyymm,符号掩码,展开后 6 位，与 precision=6 吻合,不适用（非枚举，日期/时间格式掩码）
FACTG,TG005,结算日期,YMD,yyyymmdd,符号掩码,展开后 8 位，与precision=8 吻合,不适用（非枚举，日期/时间格式掩码）
FTSLA,LA005,文档汇出日期,YMD,yyyymmdd,符号掩码,展开后 8 位，与precision=8 吻合,不适用（非枚举，日期/时间格式掩码）
GFCLD,LD001,会计年度,Y,yyyy,符号掩码,展开后 4 位，与 precision=4 吻合,不适用（非枚举，日期/时间格式掩码）
GFCLE,LE001,会计年度,Y,yyyy,符号掩码,展开后 4 位，与 precision=4 吻合,不适用（非枚举，日期/时间格式掩码）
GFCME,ME003,LOG作业时间,YYMMDDHHMM,yymmddhhmm,显式掩码,字符数 10 == precision=10,不适用（非枚举，日期/时间格式掩码）
GFCTA,TA005,凭证日期,YMD,yyyymmdd,符号掩码,展开后 8 位，与precision=8 吻合,不适用（非枚举，日期/时间格式掩码）
GFCTA,TA016,审核日,YMD,yyyymmdd,符号掩码,展开后 8 位，与precision=8 吻合,不适用（非枚举，日期/时间格式掩码）
GFCTA,TA021,过账日,YMD,yyyymmdd,符号掩码,展开后 8 位，与precision=8 吻合,不适用（非枚举，日期/时间格式掩码）
GFCTA,TA024,出纳日,YMD,yyyymmdd,符号掩码,展开后 8 位，与precision=8 吻合,不适用（非枚举，日期/时间格式掩码）
GFCTB,TB025,结算日期,YMD,yyyymmdd,符号掩码,展开后 8 位，与precision=8 吻合,不适用（非枚举，日期/时间格式掩码）
GFCTN,TN005,报销日期,YMD,yyyymmdd,符号掩码,展开后 8 位，与precision=8 吻合,不适用（非枚举，日期/时间格式掩码）
GFCTN,TN006,单据日期,YMD,yyyymmdd,符号掩码,展开后 8 位，与precision=8 吻合,不适用（非枚举，日期/时间格式掩码）
GFCTP,TP005,调整日期,YMD,yyyymmdd,符号掩码,展开后 8 位，与precision=8 吻合,不适用（非枚举，日期/时间格式掩码）
GFCTP,TP006,单据日期,YMD,yyyymmdd,符号掩码,展开后 8 位，与precision=8 吻合,不适用（非枚举，日期/时间格式掩码）
GMPME,ME009,最近检验日,YMD,yyyymmdd,符号掩码,展开后 8 位，与precision=8 吻合,不适用（非枚举，日期/时间格式掩码）
GMPME,ME011,下次检验日,YMD,yyyymmdd,符号掩码,展开后 8 位，与precision=8 吻合,不适用（非枚举，日期/时间格式掩码）
GMPMF,MF005,最近检验日,YMD,yyyymmdd,符号掩码,展开后 8 位，与precision=8 吻合,不适用（非枚举，日期/时间格式掩码）
GMPMF,MF007,下次检验日,YMD,yyyymmdd,符号掩码,展开后 8 位，与precision=8 吻合,不适用（非枚举，日期/时间格式掩码）
GMPTA,TA003,单据日期,YMD,yyyymmdd,符号掩码,展开后 8 位，与precision=8 吻合,不适用（非枚举，日期/时间格式掩码）
GMPTA,TA008,最近检验日,YMD,yyyymmdd,符号掩码,展开后 8 位，与precision=8 吻合,不适用（非枚举，日期/时间格式掩码）
GMPTA,TA010,预计检验日,YMD,yyyymmdd,符号掩码,展开后 8 位，与precision=8 吻合,不适用（非枚举，日期/时间格式掩码）
GMPTA,TA011,检验日期,YMD,yyyymmdd,符号掩码,展开后 8 位，与precision=8 吻合,不适用（非枚举，日期/时间格式掩码）
GMPTB,TB003,单据日期,YMD,yyyymmdd,符号掩码,展开后 8 位，与precision=8 吻合,不适用（非枚举，日期/时间格式掩码）
GMPTB,TB008,最近检验日,YMD,yyyymmdd,符号掩码,展开后 8 位，与precision=8 吻合,不适用（非枚举，日期/时间格式掩码）
GMPTB,TB010,预计检验日,YMD,yyyymmdd,符号掩码,展开后 8 位，与precision=8 吻合,不适用（非枚举，日期/时间格式掩码）
GMPTB,TB011,检验日期,YMD,yyyymmdd,符号掩码,展开后 8 位，与precision=8 吻合,不适用（非枚举，日期/时间格式掩码）
GMPTB,TB013,取样日期,YMD,yyyymmdd,符号掩码,展开后 8 位，与precision=8 吻合,不适用（非枚举，日期/时间格式掩码）
GMPTD,TD003,单据日期,YMD,yyyymmdd,符号掩码,展开后 8 位，与precision=8 吻合,不适用（非枚举，日期/时间格式掩码）
GMPTD,TD008,清场日期,YMD,yyyymmdd,符号掩码,展开后 8 位，与precision=8 吻合,不适用（非枚举，日期/时间格式掩码）
GMPTD,TD016,有效日期,YMD,yyyymmdd,符号掩码,展开后 8 位，与precision=8 吻合,不适用（非枚举，日期/时间格式掩码）
GMPTE,TE005,日期,YMD,yyyymmdd,符号掩码,展开后 8 位，与precision=8 吻合,不适用（非枚举，日期/时间格式掩码）
GMPTE,TE013,审核日期,YMD,yyyymmdd,符号掩码,展开后 8 位，与precision=8 吻合,不适用（非枚举，日期/时间格式掩码）
GMPTF,TF003,单据日期,YMD,yyyymmdd,符号掩码,展开后 8 位，与precision=8 吻合,不适用（非枚举，日期/时间格式掩码）
GMPTF,TF040,审核日期,YMD,yyyymmdd,符号掩码,展开后 8 位，与precision=8 吻合,不适用（非枚举，日期/时间格式掩码）
GMPTH,TH003,单据日期,YMD,yyyymmdd,符号掩码,展开后 8 位，与precision=8 吻合,不适用（非枚举，日期/时间格式掩码）
GMPTH,TH008,留样日期,YMD,yyyymmdd,符号掩码,展开后 8 位，与precision=8 吻合,不适用（非枚举，日期/时间格式掩码）
GMPTH,TH019,最近检验日,YMD,yyyymmdd,符号掩码,展开后 8 位，与precision=8 吻合,不适用（非枚举，日期/时间格式掩码）
GMPTH,TH021,下次检验日,YMD,yyyymmdd,符号掩码,展开后 8 位，与precision=8 吻合,不适用（非枚举，日期/时间格式掩码）
GMPTI,TI004,单据日期,YMD,yyyymmdd,符号掩码,展开后 8 位，与precision=8 吻合,不适用（非枚举，日期/时间格式掩码）
GMPTI,TI012,检验日期,YMD,yyyymmdd,符号掩码,展开后 8 位，与precision=8 吻合,不适用（非枚举，日期/时间格式掩码）
GMPTI,TI015,预计检验日,YMD,yyyymmdd,符号掩码,展开后 8 位，与precision=8 吻合,不适用（非枚举，日期/时间格式掩码）
GMPTI,TI017,最近检验日,YMD,yyyymmdd,符号掩码,展开后 8 位，与precision=8 吻合,不适用（非枚举，日期/时间格式掩码）
GMPTI,TI029,取样日期,YMD,yyyymmdd,符号掩码,展开后 8 位，与precision=8 吻合,不适用（非枚举，日期/时间格式掩码）
GMPTL,TL004,单据日期,YMD,yyyymmdd,符号掩码,展开后 8 位，与precision=8 吻合,不适用（非枚举，日期/时间格式掩码）
GMPTL,TL014,最近检验日,YMD,yyyymmdd,符号掩码,展开后 8 位，与precision=8 吻合,不适用（非枚举，日期/时间格式掩码）
GMPTL,TL018,检验日期,YMD,yyyymmdd,符号掩码,展开后 8 位，与precision=8 吻合,不适用（非枚举，日期/时间格式掩码）
GMPTL,TL022,预计检验日期,YMD,yyyymmdd,符号掩码,展开后 8 位，与precision=8 吻合,不适用（非枚举，日期/时间格式掩码）
GMPTL,TL029,取样日期,YMD,yyyymmdd,符号掩码,展开后 8 位，与precision=8 吻合,不适用（非枚举，日期/时间格式掩码）
GSPMC,MC005,出厂日期,YMD,yyyymmdd,符号掩码,展开后 8 位，与precision=8 吻合,不适用（非枚举，日期/时间格式掩码）
GSPMC,MC008,取得日期,YMD,yyyymmdd,符号掩码,展开后 8 位，与precision=8 吻合,不适用（非枚举，日期/时间格式掩码）
GSPTA,TA011,申请日期,YMD,yyyymmdd,符号掩码,展开后 8 位，与precision=8 吻合,不适用（非枚举，日期/时间格式掩码）
GSPTA,TA015,审批日期,YMD,yyyymmdd,符号掩码,展开后 8 位，与precision=8 吻合,不适用（非枚举，日期/时间格式掩码）
GSPTB,TB010,申请日期,YMD,yyyymmdd,符号掩码,展开后 8 位，与precision=8 吻合,不适用（非枚举，日期/时间格式掩码）
GSPTB,TB014,审批日期,YMD,yyyymmdd,符号掩码,展开后 8 位，与precision=8 吻合,不适用（非枚举，日期/时间格式掩码）
GSPTC,TC003,单据日期,YMD,yyyymmdd,符号掩码,展开后 8 位，与precision=8 吻合,不适用（非枚举，日期/时间格式掩码）
GSPTC,TC008,检验日期,YMD,yyyymmdd,符号掩码,展开后 8 位，与precision=8 吻合,不适用（非枚举，日期/时间格式掩码）
GSPTD,TD003,单据日期,YMD,yyyymmdd,符号掩码,展开后 8 位，与precision=8 吻合,不适用（非枚举，日期/时间格式掩码）
GSPTD,TD019,抽送检日期,YMD,yyyymmdd,符号掩码,展开后 8 位，与precision=8 吻合,不适用（非枚举，日期/时间格式掩码）
GSPTE,TE003,单据日期,YMD,yyyymmdd,符号掩码,展开后 8 位，与precision=8 吻合,不适用（非枚举，日期/时间格式掩码）
GSPTE,TE011,复检日期,YMD,yyyymmdd,符号掩码,展开后 8 位，与precision=8 吻合,不适用（非枚举，日期/时间格式掩码）
GSPTF,TF003,单据日期,YMD,yyyymmdd,符号掩码,展开后 8 位，与precision=8 吻合,不适用（非枚举，日期/时间格式掩码）
GSPTF,TF008,停售日期,YMD,yyyymmdd,符号掩码,展开后 8 位，与precision=8 吻合,不适用（非枚举，日期/时间格式掩码）
GSPTF,TF016,撤消日期,YMD,yyyymmdd,符号掩码,展开后 8 位，与precision=8 吻合,不适用（非枚举，日期/时间格式掩码）
GSPTH,TH002,单据日期,YMD,yyyymmdd,符号掩码,展开后 8 位，与precision=8 吻合,不适用（非枚举，日期/时间格式掩码）
GSPTH,TH005,限销日期,YMD,yyyymmdd,符号掩码,展开后 8 位，与precision=8 吻合,不适用（非枚举，日期/时间格式掩码）
GSPTJ,TJ002,单据日期,YMD,yyyymmdd,符号掩码,展开后 8 位，与precision=8 吻合,不适用（非枚举，日期/时间格式掩码）
GSPTJ,TJ005,限销日期,YMD,yyyymmdd,符号掩码,展开后 8 位，与precision=8 吻合,不适用（非枚举，日期/时间格式掩码）
GSPTL,TL003,单据日期,YMD,yyyymmdd,符号掩码,展开后 8 位，与precision=8 吻合,不适用（非枚举，日期/时间格式掩码）
GSPTL,TL008,养护日期,YMD,yyyymmdd,符号掩码,展开后 8 位，与precision=8 吻合,不适用（非枚举，日期/时间格式掩码）
GSPTN,TN002,纪录日期,YMD,yyyymmdd,符号掩码,展开后 8 位，与precision=8 吻合,不适用（非枚举，日期/时间格式掩码）
GSPTO,TO003,使用/养护日期,YMD,yyyymmdd,符号掩码,展开后 8 位，与precision=8 吻合,不适用（非枚举，日期/时间格式掩码）
GSPTP,TP003,使用/养护日期,YMD,yyyymmdd,符号掩码,展开后 8 位，与precision=8 吻合,不适用（非枚举，日期/时间格式掩码）
GSPTP,TP012,保养起始日期,YMD,yyyymmdd,符号掩码,展开后 8 位，与precision=8 吻合,不适用（非枚举，日期/时间格式掩码）
GSPTP,TP013,保养截止日期,YMD,yyyymmdd,符号掩码,展开后 8 位，与precision=8 吻合,不适用（非枚举，日期/时间格式掩码）
GSPTQ,TQ003,单据日期,YMD,yyyymmdd,符号掩码,展开后 8 位，与precision=8 吻合,不适用（非枚举，日期/时间格式掩码）
GSPTQ,TQ011,销毁日期,YMD,yyyymmdd,符号掩码,展开后 8 位，与precision=8 吻合,不适用（非枚举，日期/时间格式掩码）
GSPTS,TS003,单据日期,YMD,yyyymmdd,符号掩码,展开后 8 位，与precision=8 吻合,不适用（非枚举，日期/时间格式掩码）
GSPTS,TS018,质量事故日期,YMD,yyyymmdd,符号掩码,展开后 8 位，与precision=8 吻合,不适用（非枚举，日期/时间格式掩码）
GSPTT,TT003,单据日期,YMD,yyyymmdd,符号掩码,展开后 8 位，与precision=8 吻合,不适用（非枚举，日期/时间格式掩码）
GSPTT,TT020,审核日期,YMD,yyyymmdd,符号掩码,展开后 8 位，与precision=8 吻合,不适用（非枚举，日期/时间格式掩码）
GSPTU,TU002,纪录日期,YMD,yyyymmdd,符号掩码,展开后 8 位，与precision=8 吻合,不适用（非枚举，日期/时间格式掩码）
HRSMD,MD001,年度,Y,yyyy,符号掩码,展开后 4 位，与 precision=4 吻合,不适用（非枚举，日期/时间格式掩码）
HRSME,ME001,年度,Y,yyyy,符号掩码,展开后 4 位，与 precision=4 吻合,不适用（非枚举，日期/时间格式掩码）
HRSMN,MN006,生日,YMD,yyyymmdd,符号掩码,展开后 8 位，与precision=8 吻合,不适用（非枚举，日期/时间格式掩码）
HRSMN,MN018,受聘日期起,YMD,yyyymmdd,符号掩码,展开后 8 位，与precision=8 吻合,不适用（非枚举，日期/时间格式掩码）
HRSMN,MN019,受聘日期迄,YMD,yyyymmdd,符号掩码,展开后 8 位，与precision=8 吻合,不适用（非枚举，日期/时间格式掩码）
HRSTA,TA002,建立日期,YMD,yyyymmdd,符号掩码,展开后 8 位，与precision=8 吻合,不适用（非枚举，日期/时间格式掩码）
HRSTA,TA006,到职日,YMD,yyyymmdd,符号掩码,展开后 8 位，与precision=8 吻合,不适用（非枚举，日期/时间格式掩码）
HRSTA,TA007,出生日期,YMD,yyyymmdd,符号掩码,展开后 8 位，与precision=8 吻合,不适用（非枚举，日期/时间格式掩码）
HRSTA,TA014,开始上班时间,YMD,yyyymmdd,符号掩码,展开后 8 位，与precision=8 吻合,不适用（非枚举，日期/时间格式掩码）
HRSTA,TA041,更新日期,YMD,yyyymmdd,符号掩码,展开后 8 位，与precision=8 吻合,不适用（非枚举，日期/时间格式掩码）
HRSTB,TB013,起始年月,YM,yyyymm,符号掩码,展开后 6 位，与 precision=6 吻合,不适用（非枚举，日期/时间格式掩码）
HRSTB,TB014,截止年月,YM,yyyymm,符号掩码,展开后 6 位，与 precision=6 吻合,不适用（非枚举，日期/时间格式掩码）
HRSTC,TC015,工作年月起,YMD,yyyymmdd,符号掩码,展开后 8 位，与precision=8 吻合,不适用（非枚举，日期/时间格式掩码）
HRSTC,TC016,工作年月迄,YMD,yyyymmdd,符号掩码,展开后 8 位，与precision=8 吻合,不适用（非枚举，日期/时间格式掩码）
HRSTF,TF006,取得日期,YMD,yyyymmdd,符号掩码,展开后 8 位，与precision=8 吻合,不适用（非枚举，日期/时间格式掩码）
HRSTG,TG004,申请日期,YMD,yyyymmdd,符号掩码,展开后 8 位，与precision=8 吻合,不适用（非枚举，日期/时间格式掩码）
HRSTG,TG009,审核日期,YMD,yyyymmdd,符号掩码,展开后 8 位，与precision=8 吻合,不适用（非枚举，日期/时间格式掩码）
HRSTH,TH003,应试日期,YMD,yyyymmdd,符号掩码,展开后 8 位，与precision=8 吻合,不适用（非枚举，日期/时间格式掩码）
HRSTH,TH014,预定到职日,YMD,yyyymmdd,符号掩码,展开后 8 位，与precision=8 吻合,不适用（非枚举，日期/时间格式掩码）
HRSTH,TH015,审核日期,YMD,yyyymmdd,符号掩码,展开后 8 位，与precision=8 吻合,不适用（非枚举，日期/时间格式掩码）
HRSTH,TH022,预约日期,YMD,yyyymmdd,符号掩码,展开后 8 位，与precision=8 吻合,不适用（非枚举，日期/时间格式掩码）
HRSTJ,TJ012,到职日,YMD,yyyymmdd,符号掩码,展开后 8 位，与precision=8 吻合,不适用（非枚举，日期/时间格式掩码）
HRSTJ,TJ017,出生日期,YMD,yyyymmdd,符号掩码,展开后 8 位，与precision=8 吻合,不适用（非枚举，日期/时间格式掩码）
HRSTJ,TJ039,审核日期,YMD,yyyymmdd,符号掩码,展开后 8 位，与precision=8 吻合,不适用（非枚举，日期/时间格式掩码）
HRSTJ,TJ044,体检日期,YMD,yyyymmdd,符号掩码,展开后 8 位，与precision=8 吻合,不适用（非枚举，日期/时间格式掩码）
HRSTJ,TJ054,入境日期,YMD,yyyymmdd,符号掩码,展开后 8 位，与precision=8 吻合,不适用（非枚举，日期/时间格式掩码）
HRSTJ,TJ055,到期日期,YMD,yyyymmdd,符号掩码,展开后 8 位，与precision=8 吻合,不适用（非枚举，日期/时间格式掩码）
HRSTJ,TJ058,签约日期,YMD,yyyymmdd,符号掩码,展开后 8 位，与precision=8 吻合,不适用（非枚举，日期/时间格式掩码）
HRSTJ,TJ059,到期日期,YMD,yyyymmdd,符号掩码,展开后 8 位，与precision=8 吻合,不适用（非枚举，日期/时间格式掩码）
HRSTK,TK001,申请日期,YMD,yyyymmdd,符号掩码,展开后 8 位，与precision=8 吻合,不适用（非枚举，日期/时间格式掩码）
HRSTK,TK012,报名截止日期,YMD,yyyymmdd,符号掩码,展开后 8 位，与precision=8 吻合,不适用（非枚举，日期/时间格式掩码）
HRSTK,TK017,培训日期起,YMD,yyyymmdd,符号掩码,展开后 8 位，与precision=8 吻合,不适用（非枚举，日期/时间格式掩码）
HRSTK,TK018,培训日期迄,YMD,yyyymmdd,符号掩码,展开后 8 位，与precision=8 吻合,不适用（非枚举，日期/时间格式掩码）
HRSTK,TK038,报告日期,YMD,yyyymmdd,符号掩码,展开后 8 位，与precision=8 吻合,不适用（非枚举，日期/时间格式掩码）
HRSTK,TK043,审核日期,YMD,yyyymmdd,符号掩码,展开后 8 位，与precision=8 吻合,不适用（非枚举，日期/时间格式掩码）
HRSTL,TL001,申请日期,YMD,yyyymmdd,符号掩码,展开后 8 位，与precision=8 吻合,不适用（非枚举，日期/时间格式掩码）
HRSTM,TM001,申请日期,YMD,yyyymmdd,符号掩码,展开后 8 位，与precision=8 吻合,不适用（非枚举，日期/时间格式掩码）
HRSTN,TN002,登录日期,YMD,yyyymmdd,符号掩码,展开后 8 位，与precision=8 吻合,不适用（非枚举，日期/时间格式掩码）
HRSTN,TN008,培训日期起,YMD,yyyymmdd,符号掩码,展开后 8 位，与precision=8 吻合,不适用（非枚举，日期/时间格式掩码）
HRSTN,TN009,培训日期迄,YMD,yyyymmdd,符号掩码,展开后 8 位，与precision=8 吻合,不适用（非枚举，日期/时间格式掩码）
HRSTN,TN031,报告日期,YMD,yyyymmdd,符号掩码,展开后 8 位，与precision=8 吻合,不适用（非枚举，日期/时间格式掩码）
HRSTN,TN033,审核日期,YMD,yyyymmdd,符号掩码,展开后 8 位，与precision=8 吻合,不适用（非枚举，日期/时间格式掩码）
HRSTO,TO008,心得报告预交日,YMD,yyyymmdd,符号掩码,展开后 8 位，与precision=8 吻合,不适用（非枚举，日期/时间格式掩码）
HRSTO,TO009,心得报告实交日,YMD,yyyymmdd,符号掩码,展开后 8 位，与precision=8 吻合,不适用（非枚举，日期/时间格式掩码）
HRSTO,TO010,预计回授日,YMD,yyyymmdd,符号掩码,展开后 8 位，与precision=8 吻合,不适用（非枚举，日期/时间格式掩码）
HRSTO,TO011,实际回授日,YMD,yyyymmdd,符号掩码,展开后 8 位，与precision=8 吻合,不适用（非枚举，日期/时间格式掩码）
HRSTP,TP002,登录日期,YMD,yyyymmdd,符号掩码,展开后 8 位，与precision=8 吻合,不适用（非枚举，日期/时间格式掩码）
HRSTP,TP007,审核日期,YMD,yyyymmdd,符号掩码,展开后 8 位，与precision=8 吻合,不适用（非枚举，日期/时间格式掩码）
HRSTU,TU006,起始年月,YM,yyyymm,符号掩码,展开后 6 位，与 precision=6 吻合,不适用（非枚举，日期/时间格式掩码）
HRSTU,TU007,截止年月,YM,yyyymm,符号掩码,展开后 6 位，与 precision=6 吻合,不适用（非枚举，日期/时间格式掩码）
HRSTV,TV011,异动日期,YMD,yyyymmdd,符号掩码,展开后 8 位，与precision=8 吻合,不适用（非枚举，日期/时间格式掩码）
HRSTV,TV014,劳动合同起始日期,YMD,yyyymmdd,符号掩码,展开后 8 位，与precision=8 吻合,不适用（非枚举，日期/时间格式掩码）
HRSTV,TV015,劳动合同截止日期,YMD,yyyymmdd,符号掩码,展开后 8 位，与precision=8 吻合,不适用（非枚举，日期/时间格式掩码）
HRSTV,TV016,需求日期,YMD,yyyymmdd,符号掩码,展开后 8 位，与precision=8 吻合,不适用（非枚举，日期/时间格式掩码）
HRSTV,TV025,有效日期,YMD,yyyymmdd,符号掩码,展开后 8 位，与precision=8 吻合,不适用（非枚举，日期/时间格式掩码）
HRSTW,TW004,变更日期,YMD,yyyymmdd,符号掩码,展开后 8 位，与precision=8 吻合,不适用（非枚举，日期/时间格式掩码）
HRSTW,TW012,审核日期,YMD,yyyymmdd,符号掩码,展开后 8 位，与precision=8 吻合,不适用（非枚举，日期/时间格式掩码）
HRSTW,TW111,原审核日期,YMD,yyyymmdd,符号掩码,展开后 8 位，与precision=8 吻合,不适用（非枚举，日期/时间格式掩码）
HRSTX,TX012,新异动日期,YMD,yyyymmdd,符号掩码,展开后 8 位，与precision=8 吻合,不适用（非枚举，日期/时间格式掩码）
HRSTX,TX015,新劳动合同起始日期,YMD,yyyymmdd,符号掩码,展开后 8 位，与precision=8 吻合,不适用（非枚举，日期/时间格式掩码）
HRSTX,TX016,新劳动合同截止日期,YMD,yyyymmdd,符号掩码,展开后 8 位，与precision=8 吻合,不适用（非枚举，日期/时间格式掩码）
HRSTX,TX017,新需求日期,YMD,yyyymmdd,符号掩码,展开后 8 位，与precision=8 吻合,不适用（非枚举，日期/时间格式掩码）
HRSTX,TX026,新有效日期,YMD,yyyymmdd,符号掩码,展开后 8 位，与precision=8 吻合,不适用（非枚举，日期/时间格式掩码）
HRSTX,TX112,原异动日期,YMD,yyyymmdd,符号掩码,展开后 8 位，与precision=8 吻合,不适用（非枚举，日期/时间格式掩码）
HRSTX,TX115,原劳动合同起始日期,YMD,yyyymmdd,符号掩码,展开后 8 位，与precision=8 吻合,不适用（非枚举，日期/时间格式掩码）
HRSTX,TX116,原劳动合同截止日期,YMD,yyyymmdd,符号掩码,展开后 8 位，与precision=8 吻合,不适用（非枚举，日期/时间格式掩码）
HRSTX,TX117,原需求日期,YMD,yyyymmdd,符号掩码,展开后 8 位，与precision=8 吻合,不适用（非枚举，日期/时间格式掩码）
HRSTX,TX126,原有效日期,YMD,yyyymmdd,符号掩码,展开后 8 位，与precision=8 吻合,不适用（非枚举，日期/时间格式掩码）
INVLA,LA004,日期,YMD,yyyymmdd,符号掩码,展开后 8 位，与precision=8 吻合,不适用（非枚举，日期/时间格式掩码）
INVLA,LA022,审核时间,HHMMSSMMM,hhmmssmmm,显式掩码,字符数 9 == precision=9,不适用（非枚举，日期/时间格式掩码）
INVLB,LB002,库存年月,YM,yyyymm,符号掩码,展开后 6 位，与 precision=6 吻合,不适用（非枚举，日期/时间格式掩码）
INVLC,LC002,库存年月,YM,yyyymm,符号掩码,展开后 6 位，与 precision=6 吻合,不适用（非枚举，日期/时间格式掩码）
INVLD,LD003,单据日期,YMD,yyyymmdd,符号掩码,展开后 8 位，与precision=8 吻合,不适用（非枚举，日期/时间格式掩码）
INVLE,LE002,库存年月,YM,yyyymm,符号掩码,展开后 6 位，与 precision=6 吻合,不适用（非枚举，日期/时间格式掩码）
INVLF,LF002,库存年月,YM,yyyymm,符号掩码,展开后 6 位，与 precision=6 吻合,不适用（非枚举，日期/时间格式掩码）
INVLF,LF017,入库日期,YMD,yyyymmdd,符号掩码,展开后 8 位，与precision=8 吻合,不适用（非枚举，日期/时间格式掩码）
INVLF,LF018,入库时间,HHMMSSMMM,hhmmssmmm,显式掩码,字符数 9 == precision=9,不适用（非枚举，日期/时间格式掩码）
INVLG,LG002,库存年月,YM,yyyymm,符号掩码,展开后 6 位，与 precision=6 吻合,不适用（非枚举，日期/时间格式掩码）
INVLG,LG007,出库日期,YMD,yyyymmdd,符号掩码,展开后 8 位，与precision=8 吻合,不适用（非枚举，日期/时间格式掩码）
INVLG,LG008,出库时间,HHMMSSMMM,hhmmssmmm,显式掩码,字符数 9 == precision=9,不适用（非枚举，日期/时间格式掩码）
INVLG,LG015,入库日期,YMD,yyyymmdd,符号掩码,展开后 8 位，与precision=8 吻合,不适用（非枚举，日期/时间格式掩码）
INVLG,LG016,入库时间,HHMMSSMMM,hhmmssmmm,显式掩码,字符数 9 == precision=9,不适用（非枚举，日期/时间格式掩码）
INVLJ,LJ002,库存年月,YM,yyyymm,符号掩码,展开后 6 位，与 precision=6 吻合,不适用（非枚举，日期/时间格式掩码）
INVLM,LM001,库存年月,YM,yyyymm,符号掩码,展开后 6 位，与 precision=6 吻合,不适用（非枚举，日期/时间格式掩码）
INVLM,LM007,日期,YMD,yyyymmdd,符号掩码,展开后 8 位，与precision=8 吻合,不适用（非枚举，日期/时间格式掩码）
INVLN,LN003,库存年月,YM,yyyymm,符号掩码,展开后 6 位，与 precision=6 吻合,不适用（非枚举，日期/时间格式掩码）
INVLP,LP003,库存年月,YM,yyyymm,符号掩码,展开后 6 位，与 precision=6 吻合,不适用（非枚举，日期/时间格式掩码）
INVMB,MB030,生效日期,YMD,yyyymmdd,符号掩码,展开后 8 位，与precision=8 吻合,不适用（非枚举，日期/时间格式掩码）
INVMB,MB031,失效日期,YMD,yyyymmdd,符号掩码,展开后 8 位，与precision=8 吻合,不适用（非枚举，日期/时间格式掩码）
INVMC,MC011,上次盘点日,YMD,yyyymmdd,符号掩码,展开后 8 位，与precision=8 吻合,不适用（非枚举，日期/时间格式掩码）
INVMC,MC012,最近入库日,YMD,yyyymmdd,符号掩码,展开后 8 位，与precision=8 吻合,不适用（非枚举，日期/时间格式掩码）
INVMC,MC013,最近出库日,YMD,yyyymmdd,符号掩码,展开后 8 位，与precision=8 吻合,不适用（非枚举，日期/时间格式掩码）
INVME,ME003,最早入库日,YMD,yyyymmdd,符号掩码,展开后 8 位，与precision=8 吻合,不适用（非枚举，日期/时间格式掩码）
INVME,ME004,上次盘点日,YMD,yyyymmdd,符号掩码,展开后 8 位，与precision=8 吻合,不适用（非枚举，日期/时间格式掩码）
INVME,ME009,有效日期,YMD,yyyymmdd,符号掩码,展开后 8 位，与precision=8 吻合,不适用（非枚举，日期/时间格式掩码）
INVME,ME010,复检日期,YMD,yyyymmdd,符号掩码,展开后 8 位，与precision=8 吻合,不适用（非枚举，日期/时间格式掩码）
INVME,ME011,生产日期,YMD,yyyymmdd,符号掩码,展开后 8 位，与precision=8 吻合,不适用（非枚举，日期/时间格式掩码）
INVME,ME012,最近养护日期,YMD,yyyymmdd,符号掩码,展开后 8 位，与precision=8 吻合,不适用（非枚举，日期/时间格式掩码）
INVME,ME016,下次养护日,YMD,yyyymmdd,符号掩码,展开后 8 位，与precision=8 吻合,不适用（非枚举，日期/时间格式掩码）
INVMF,MF003,交易日期,YMD,yyyymmdd,符号掩码,展开后 8 位，与precision=8 吻合,不适用（非枚举，日期/时间格式掩码）
INVML,ML008,上次盘点日,YMD,yyyymmdd,符号掩码,展开后 8 位，与precision=8 吻合,不适用（非枚举，日期/时间格式掩码）
INVML,ML009,最近入库日,YMD,yyyymmdd,符号掩码,展开后 8 位，与precision=8 吻合,不适用（非枚举，日期/时间格式掩码）
INVML,ML010,最近出库日,YMD,yyyymmdd,符号掩码,展开后 8 位，与precision=8 吻合,不适用（非枚举，日期/时间格式掩码）
INVTA,TA003,交易日期,YMD,yyyymmdd,符号掩码,展开后 8 位，与precision=8 吻合,不适用（非枚举，日期/时间格式掩码）
INVTA,TA014,单据日期,YMD,yyyymmdd,符号掩码,展开后 8 位，与precision=8 吻合,不适用（非枚举，日期/时间格式掩码）
INVTB,TB015,有效日期,YMD,yyyymmdd,符号掩码,展开后 8 位，与precision=8 吻合,不适用（非枚举，日期/时间格式掩码）
INVTB,TB016,复检日期,YMD,yyyymmdd,符号掩码,展开后 8 位，与precision=8 吻合,不适用（非枚举，日期/时间格式掩码）
INVTB,TB031,生产日期,YMD,yyyymmdd,符号掩码,展开后 8 位，与precision=8 吻合,不适用（非枚举，日期/时间格式掩码）
INVTD,TD002,盘点日期,YMD,yyyymmdd,符号掩码,展开后 8 位，与precision=8 吻合,不适用（非枚举，日期/时间格式掩码）
INVTE,TE002,盘点日期,YMD,yyyymmdd,符号掩码,展开后 8 位，与precision=8 吻合,不适用（非枚举，日期/时间格式掩码）
INVTF,TF003,交易日期,YMD,yyyymmdd,符号掩码,展开后 8 位，与precision=8 吻合,不适用（非枚举，日期/时间格式掩码）
INVTF,TF024,单据日期,YMD,yyyymmdd,符号掩码,展开后 8 位，与precision=8 吻合,不适用（非枚举，日期/时间格式掩码）
INVTG,TG025,有效日期,YMD,yyyymmdd,符号掩码,展开后 8 位，与precision=8 吻合,不适用（非枚举，日期/时间格式掩码）
INVTG,TG026,复检日期,YMD,yyyymmdd,符号掩码,展开后 8 位，与precision=8 吻合,不适用（非枚举，日期/时间格式掩码）
INVTG,TG027,预计归还日,YMD,yyyymmdd,符号掩码,展开后 8 位，与precision=8 吻合,不适用（非枚举，日期/时间格式掩码）
INVTH,TH003,交易日期,YMD,yyyymmdd,符号掩码,展开后 8 位，与precision=8 吻合,不适用（非枚举，日期/时间格式掩码）
INVTH,TH023,单据日期,YMD,yyyymmdd,符号掩码,展开后 8 位，与precision=8 吻合,不适用（非枚举，日期/时间格式掩码）
INVTI,TI018,有效日期,YMD,yyyymmdd,符号掩码,展开后 8 位，与precision=8 吻合,不适用（非枚举，日期/时间格式掩码）
INVTI,TI019,复检日期,YMD,yyyymmdd,符号掩码,展开后 8 位，与precision=8 吻合,不适用（非枚举，日期/时间格式掩码）
INVTJ,TJ003,调整日期,YMD,yyyymmdd,符号掩码,展开后 8 位，与precision=8 吻合,不适用（非枚举，日期/时间格式掩码）
INVTJ,TJ012,单据日期,YMD,yyyymmdd,符号掩码,展开后 8 位，与precision=8 吻合,不适用（非枚举，日期/时间格式掩码）
INVTK,TK019,有效日期,YMD,yyyymmdd,符号掩码,展开后 8 位，与precision=8 吻合,不适用（非枚举，日期/时间格式掩码）
INVTK,TK020,复检日期,YMD,yyyymmdd,符号掩码,展开后 8 位，与precision=8 吻合,不适用（非枚举，日期/时间格式掩码）
INVTL,TL003,单据日期,YMD,yyyymmdd,符号掩码,展开后 8 位，与precision=8 吻合,不适用（非枚举，日期/时间格式掩码）
INVTL,TL015,报废日期,YMD,yyyymmdd,符号掩码,展开后 8 位，与precision=8 吻合,不适用（非枚举，日期/时间格式掩码）
INVTM,TM018,有效日期,YMD,yyyymmdd,符号掩码,展开后 8 位，与precision=8 吻合,不适用（非枚举，日期/时间格式掩码）
INVTM,TM019,复检日期,YMD,yyyymmdd,符号掩码,展开后 8 位，与precision=8 吻合,不适用（非枚举，日期/时间格式掩码）
INVTM,TM030,生产日期,YMD,yyyymmdd,符号掩码,展开后 8 位，与precision=8 吻合,不适用（非枚举，日期/时间格式掩码）
INVTN,TN003,单据日期,YMD,yyyymmdd,符号掩码,展开后 8 位，与precision=8 吻合,不适用（非枚举，日期/时间格式掩码）
INVTN,TN013,销毁日期,YMD,yyyymmdd,符号掩码,展开后 8 位，与precision=8 吻合,不适用（非枚举，日期/时间格式掩码）
INVTO,TO019,有效日期,YMD,yyyymmdd,符号掩码,展开后 8 位，与precision=8 吻合,不适用（非枚举，日期/时间格式掩码）
INVTO,TO020,复检日期,YMD,yyyymmdd,符号掩码,展开后 8 位，与precision=8 吻合,不适用（非枚举，日期/时间格式掩码）
INVTO,TO026,生产日期,YMD,yyyymmdd,符号掩码,展开后 8 位，与precision=8 吻合,不适用（非枚举，日期/时间格式掩码）
INVTQ,TQ005,变更日期,YMD,yyyymmdd,符号掩码,展开后 8 位，与precision=8 吻合,不适用（非枚举，日期/时间格式掩码）
INVTQ,TQ013,审核日期,YMD,yyyymmdd,符号掩码,展开后 8 位，与precision=8 吻合,不适用（非枚举，日期/时间格式掩码）
IPSTA,TA008,开状日,YMD,yyyymmdd,符号掩码,展开后 8 位，与precision=8 吻合,不适用（非枚举，日期/时间格式掩码）
IPSTA,TA009,有效日期,YMD,yyyymmdd,符号掩码,展开后 8 位，与precision=8 吻合,不适用（非枚举，日期/时间格式掩码）
IPSTA,TA012,装船期限,YMD,yyyymmdd,符号掩码,展开后 8 位，与precision=8 吻合,不适用（非枚举，日期/时间格式掩码）
IPSTA,TA014,E.T.D,YMD,yyyymmdd,符号掩码,展开后 8 位，与precision=8 吻合,不适用（非枚举，日期/时间格式掩码）
IPSTA,TA015,E.T.A,YMD,yyyymmdd,符号掩码,展开后 8 位，与precision=8 吻合,不适用（非枚举，日期/时间格式掩码）
IPSTA,TA042,审核日期,YMD,yyyymmdd,符号掩码,展开后 8 位，与precision=8 吻合,不适用（非枚举，日期/时间格式掩码）
IPSTC,TC004,变更日期,YMD,yyyymmdd,符号掩码,展开后 8 位，与precision=8 吻合,不适用（非枚举，日期/时间格式掩码）
IPSTC,TC025,单据日期,YMD,yyyymmdd,符号掩码,展开后 8 位，与precision=8 吻合,不适用（非枚举，日期/时间格式掩码）
IPSTE,TE002,S/I日期,YMD,yyyymmdd,符号掩码,展开后 8 位，与precision=8 吻合,不适用（非枚举，日期/时间格式掩码）
IPSTG,TG003,报关日期,YMD,yyyymmdd,符号掩码,展开后 8 位，与precision=8 吻合,不适用（非枚举，日期/时间格式掩码）
IPSTG,TG008,提单日期,YMD,yyyymmdd,符号掩码,展开后 8 位，与precision=8 吻合,不适用（非枚举，日期/时间格式掩码）
IPSTG,TG009,到港日期,YMD,yyyymmdd,符号掩码,展开后 8 位，与precision=8 吻合,不适用（非枚举，日期/时间格式掩码）
IPSTG,TG011,E.T.D,YMD,yyyymmdd,符号掩码,展开后 8 位，与precision=8 吻合,不适用（非枚举，日期/时间格式掩码）
IPSTG,TG012,E.T.A,YMD,yyyymmdd,符号掩码,展开后 8 位，与precision=8 吻合,不适用（非枚举，日期/时间格式掩码）
IPSTG,TG015,免费仓租日期,YMD,yyyymmdd,符号掩码,展开后 8 位，与precision=8 吻合,不适用（非枚举，日期/时间格式掩码）
IPSTG,TG016,押汇日期,YMD,yyyymmdd,符号掩码,展开后 8 位，与precision=8 吻合,不适用（非枚举，日期/时间格式掩码）
IPSTG,TG027,应还款日,YMD,yyyymmdd,符号掩码,展开后 8 位，与precision=8 吻合,不适用（非枚举，日期/时间格式掩码）
IPSTG,TG041,审核日期,YMD,yyyymmdd,符号掩码,展开后 8 位，与precision=8 吻合,不适用（非枚举，日期/时间格式掩码）
KBSME,ME002,交货周期日,YMD,yyyymmdd,符号掩码,展开后 8 位，与precision=8 吻合,不适用（非枚举，日期/时间格式掩码）
KBSMH,MH001,发行起始日,YMD,yyyymmdd,符号掩码,展开后 8 位，与precision=8 吻合,不适用（非枚举，日期/时间格式掩码）
KBSMH,MH002,发行截止日,YMD,yyyymmdd,符号掩码,展开后 8 位，与precision=8 吻合,不适用（非枚举，日期/时间格式掩码）
KBSMI,MI001,发行起始日,YMD,yyyymmdd,符号掩码,展开后 8 位，与precision=8 吻合,不适用（非枚举，日期/时间格式掩码）
KBSMI,MI008,上次发行日期,YMD,yyyymmdd,符号掩码,展开后 8 位，与precision=8 吻合,不适用（非枚举，日期/时间格式掩码）
KBSMJ,MJ001,发行起始日,YMD,yyyymmdd,符号掩码,展开后 8 位，与precision=8 吻合,不适用（非枚举，日期/时间格式掩码）
KBSMJ,MJ002,发行截止日,YMD,yyyymmdd,符号掩码,展开后 8 位，与precision=8 吻合,不适用（非枚举，日期/时间格式掩码）
KBSMK,MK001,发行起始日,YMD,yyyymmdd,符号掩码,展开后 8 位，与precision=8 吻合,不适用（非枚举，日期/时间格式掩码）
KBSMK,MK008,上次发行日期,YMD,yyyymmdd,符号掩码,展开后 8 位，与precision=8 吻合,不适用（非枚举，日期/时间格式掩码）
KBSMM,MM005,发行日期,YMD,yyyymmdd,符号掩码,展开后 8 位，与precision=8 吻合,不适用（非枚举，日期/时间格式掩码）
KBSMM,MM006,更新日期,YMD,yyyymmdd,符号掩码,展开后 8 位，与precision=8 吻合,不适用（非枚举，日期/时间格式掩码）
KBSTA,TA001,刷读日期,YMD,yyyymmdd,符号掩码,展开后 8 位，与precision=8 吻合,不适用（非枚举，日期/时间格式掩码）
KBSTA,TA006,审核日期,YMD,yyyymmdd,符号掩码,展开后 8 位，与precision=8 吻合,不适用（非枚举，日期/时间格式掩码）
KBSTB,TB001,日期,YMD,yyyymmdd,符号掩码,展开后 8 位，与precision=8 吻合,不适用（非枚举，日期/时间格式掩码）
KBSTB,TB013,预交日,YMD,yyyymmdd,符号掩码,展开后 8 位，与precision=8 吻合,不适用（非枚举，日期/时间格式掩码）
KBSTC,TC001,刷读日期,YMD,yyyymmdd,符号掩码,展开后 8 位，与precision=8 吻合,不适用（非枚举，日期/时间格式掩码）
KBSTC,TC007,审核日期,YMD,yyyymmdd,符号掩码,展开后 8 位，与precision=8 吻合,不适用（非枚举，日期/时间格式掩码）
KBSTD,TD013,预计开工日,YMD,yyyymmdd,符号掩码,展开后 8 位，与precision=8 吻合,不适用（非枚举，日期/时间格式掩码）
KBSTD,TD014,预计完工日,YMD,yyyymmdd,符号掩码,展开后 8 位，与precision=8 吻合,不适用（非枚举，日期/时间格式掩码）
KBSTE,TE001,刷读日期,YMD,yyyymmdd,符号掩码,展开后 8 位，与precision=8 吻合,不适用（非枚举，日期/时间格式掩码）
KBSTE,TE005,入库日期,YMD,yyyymmdd,符号掩码,展开后 8 位，与precision=8 吻合,不适用（非枚举，日期/时间格式掩码）
KBSTE,TE008,审核日期,YMD,yyyymmdd,符号掩码,展开后 8 位，与precision=8 吻合,不适用（非枚举，日期/时间格式掩码）
KBSTF,TF001,刷读日期,YMD,yyyymmdd,符号掩码,展开后 8 位，与precision=8 吻合,不适用（非枚举，日期/时间格式掩码）
KBSTH,TH001,刷读日期,YMD,yyyymmdd,符号掩码,展开后 8 位，与precision=8 吻合,不适用（非枚举，日期/时间格式掩码）
KBSTH,TH007,审核日期,YMD,yyyymmdd,符号掩码,展开后 8 位，与precision=8 吻合,不适用（非枚举，日期/时间格式掩码）
KBSTI,TI001,刷读日期,YMD,yyyymmdd,符号掩码,展开后 8 位，与precision=8 吻合,不适用（非枚举，日期/时间格式掩码）
KBSTJ,TJ001,刷读日期,YMD,yyyymmdd,符号掩码,展开后 8 位，与precision=8 吻合,不适用（非枚举，日期/时间格式掩码）
KBSTJ,TJ016,审核日期,YMD,yyyymmdd,符号掩码,展开后 8 位，与precision=8 吻合,不适用（非枚举，日期/时间格式掩码）
KBSTK,TK001,刷读日期,YMD,yyyymmdd,符号掩码,展开后 8 位，与precision=8 吻合,不适用（非枚举，日期/时间格式掩码）
KBSTL,TL001,刷读日期,YMD,yyyymmdd,符号掩码,展开后 8 位，与precision=8 吻合,不适用（非枚举，日期/时间格式掩码）
KBSTM,TM001,刷读日期,YMD,yyyymmdd,符号掩码,展开后 8 位，与precision=8 吻合,不适用（非枚举，日期/时间格式掩码）
LRPLB,LB005,计划日期,YMD,yyyymmdd,符号掩码,展开后 8 位，与precision=8 吻合,不适用（非枚举，日期/时间格式掩码）
LRPLC,LC008,更新日期,YMD,yyyymmdd,符号掩码,展开后 8 位，与precision=8 吻合,不适用（非枚举，日期/时间格式掩码）
LRPTA,TA003,完工日,YMD,yyyymmdd,符号掩码,展开后 8 位，与precision=8 吻合,不适用（非枚举，日期/时间格式掩码）
LRPTA,TA007,开工日,YMD,yyyymmdd,符号掩码,展开后 8 位，与precision=8 吻合,不适用（非枚举，日期/时间格式掩码）
LRPTA,TA008,BOM日期,YMD,yyyymmdd,符号掩码,展开后 8 位，与precision=8 吻合,不适用（非枚举，日期/时间格式掩码）
LRPTA,TA058,第一批量开工日,YMD,yyyymmdd,符号掩码,展开后 8 位，与precision=8 吻合,不适用（非枚举，日期/时间格式掩码）
LRPTA,TA059,最后批量开工日,YMD,yyyymmdd,符号掩码,展开后 8 位，与precision=8 吻合,不适用（非枚举，日期/时间格式掩码）
LRPTB,TB003,完工日,YMD,yyyymmdd,符号掩码,展开后 8 位，与precision=8 吻合,不适用（非枚举，日期/时间格式掩码）
LRPTB,TB015,预计领料日,YMD,yyyymmdd,符号掩码,展开后 8 位，与precision=8 吻合,不适用（非枚举，日期/时间格式掩码）
LRPTC,TC003,交货日,YMD,yyyymmdd,符号掩码,展开后 8 位，与precision=8 吻合,不适用（非枚举，日期/时间格式掩码）
LRPTC,TC007,采购日,YMD,yyyymmdd,符号掩码,展开后 8 位，与precision=8 吻合,不适用（非枚举，日期/时间格式掩码）
LRPTE,TE003,完工日,YMD,yyyymmdd,符号掩码,展开后 8 位，与precision=8 吻合,不适用（非枚举，日期/时间格式掩码）
LRPTE,TE007,生产日,YMD,yyyymmdd,符号掩码,展开后 8 位，与precision=8 吻合,不适用（非枚举，日期/时间格式掩码）
MOCCC,CC003,到货日期,YMD,yyyymmdd,符号掩码,展开后 8 位，与precision=8 吻合,不适用（非枚举，日期/时间格式掩码）
MOCCC,CC010,单据日期,YMD,yyyymmdd,符号掩码,展开后 8 位，与precision=8 吻合,不适用（非枚举，日期/时间格式掩码）
MOCMA,MA007,核价日,YMD,yyyymmdd,符号掩码,展开后 8 位，与precision=8 吻合,不适用（非枚举，日期/时间格式掩码）
MOCMA,MA008,初次加工日,YMD,yyyymmdd,符号掩码,展开后 8 位，与precision=8 吻合,不适用（非枚举，日期/时间格式掩码）
MOCMA,MA009,上次加工日,YMD,yyyymmdd,符号掩码,展开后 8 位，与precision=8 吻合,不适用（非枚举，日期/时间格式掩码）
MOCMA,MA012,生效日,YMD,yyyymmdd,符号掩码,展开后 8 位，与precision=8 吻合,不适用（非枚举，日期/时间格式掩码）
MOCMA,MA013,失效日,YMD,yyyymmdd,符号掩码,展开后 8 位，与precision=8 吻合,不适用（非枚举，日期/时间格式掩码）
MOCMC,MC012,生效日,YMD,yyyymmdd,符号掩码,展开后 8 位，与precision=8 吻合,不适用（非枚举，日期/时间格式掩码）
MOCTA,TA003,开单日期,YMD,yyyymmdd,符号掩码,展开后 8 位，与precision=8 吻合,不适用（非枚举，日期/时间格式掩码）
MOCTA,TA004,BOM日期,YMD,yyyymmdd,符号掩码,展开后 8 位，与precision=8 吻合,不适用（非枚举，日期/时间格式掩码）
MOCTA,TA009,预计开工,YMD,yyyymmdd,符号掩码,展开后 8 位，与precision=8 吻合,不适用（非枚举，日期/时间格式掩码）
MOCTA,TA010,预计完工,YMD,yyyymmdd,符号掩码,展开后 8 位，与precision=8 吻合,不适用（非枚举，日期/时间格式掩码）
MOCTA,TA012,实际开工,YMD,yyyymmdd,符号掩码,展开后 8 位，与precision=8 吻合,不适用（非枚举，日期/时间格式掩码）
MOCTA,TA014,实际完工,YMD,yyyymmdd,符号掩码,展开后 8 位，与precision=8 吻合,不适用（非枚举，日期/时间格式掩码）
MOCTA,TA040,审核日,YMD,yyyymmdd,符号掩码,展开后 8 位，与precision=8 吻合,不适用（非枚举，日期/时间格式掩码）
MOCTA,TA063,需求日期,YMD,yyyymmdd,符号掩码,展开后 8 位，与precision=8 吻合,不适用（非枚举，日期/时间格式掩码）
MOCTB,TB015,预计领料,YMD,yyyymmdd,符号掩码,展开后 8 位，与precision=8 吻合,不适用（非枚举，日期/时间格式掩码）
MOCTB,TB016,实际领料,YMD,yyyymmdd,符号掩码,展开后 8 位，与precision=8 吻合,不适用（非枚举，日期/时间格式掩码）
MOCTC,TC003,领退料日期,YMD,yyyymmdd,符号掩码,展开后 8 位，与precision=8 吻合,不适用（非枚举，日期/时间格式掩码）
MOCTC,TC014,单据日期,YMD,yyyymmdd,符号掩码,展开后 8 位，与precision=8 吻合,不适用（非枚举，日期/时间格式掩码）
MOCTD,TD016,预计领料,YMD,yyyymmdd,符号掩码,展开后 8 位，与precision=8 吻合,不适用（非枚举，日期/时间格式掩码）
MOCTF,TF003,入库日期,YMD,yyyymmdd,符号掩码,展开后 8 位，与precision=8 吻合,不适用（非枚举，日期/时间格式掩码）
MOCTF,TF012,单据日期,YMD,yyyymmdd,符号掩码,展开后 8 位，与precision=8 吻合,不适用（非枚举，日期/时间格式掩码）
MOCTG,TG018,有效日期,YMD,yyyymmdd,符号掩码,展开后 8 位，与precision=8 吻合,不适用（非枚举，日期/时间格式掩码）
MOCTG,TG019,复检日期,YMD,yyyymmdd,符号掩码,展开后 8 位，与precision=8 吻合,不适用（非枚举，日期/时间格式掩码）
MOCTG,TG030,生产日期,YMD,yyyymmdd,符号掩码,展开后 8 位，与precision=8 吻合,不适用（非枚举，日期/时间格式掩码）
MOCTH,TH003,委外进货日期,YMD,yyyymmdd,符号掩码,展开后 8 位，与precision=8 吻合,不适用（非枚举，日期/时间格式掩码）
MOCTH,TH013,发票日期,YMD,yyyymmdd,符号掩码,展开后 8 位，与precision=8 吻合,不适用（非枚举，日期/时间格式掩码）
MOCTH,TH028,预留字段,YM,yyyymm,符号掩码,展开后 6 位，与 precision=6 吻合,不适用（非枚举，日期/时间格式掩码）
MOCTH,TH029,单据日期,YMD,yyyymmdd,符号掩码,展开后 8 位，与precision=8 吻合,不适用（非枚举，日期/时间格式掩码）
MOCTI,TI011,有效日期,YMD,yyyymmdd,符号掩码,展开后 8 位，与precision=8 吻合,不适用（非枚举，日期/时间格式掩码）
MOCTI,TI012,复检日期,YMD,yyyymmdd,符号掩码,展开后 8 位，与precision=8 吻合,不适用（非枚举，日期/时间格式掩码）
MOCTI,TI018,验收日期,YMD,yyyymmdd,符号掩码,展开后 8 位，与precision=8 吻合,不适用（非枚举，日期/时间格式掩码）
MOCTI,TI054,生产日期,YMD,yyyymmdd,符号掩码,展开后 8 位，与precision=8 吻合,不适用（非枚举，日期/时间格式掩码）
MOCTJ,TJ005,验退日期,YMD,yyyymmdd,符号掩码,展开后 8 位，与precision=8 吻合,不适用（非枚举，日期/时间格式掩码）
MOCTK,TK003,退货日期,YMD,yyyymmdd,符号掩码,展开后 8 位，与precision=8 吻合,不适用（非枚举，日期/时间格式掩码）
MOCTK,TK012,发票日期,YMD,yyyymmdd,符号掩码,展开后 8 位，与precision=8 吻合,不适用（非枚举，日期/时间格式掩码）
MOCTK,TK027,单据日期,YMD,yyyymmdd,符号掩码,展开后 8 位，与precision=8 吻合,不适用（非枚举，日期/时间格式掩码）
MOCTL,TL036,生产日期,YMD,yyyymmdd,符号掩码,展开后 8 位，与precision=8 吻合,不适用（非枚举，日期/时间格式掩码）
MOCTL,TL037,有效日期,YMD,yyyymmdd,符号掩码,展开后 8 位，与precision=8 吻合,不适用（非枚举，日期/时间格式掩码）
MOCTL,TL038,复检日期,YMD,yyyymmdd,符号掩码,展开后 8 位，与precision=8 吻合,不适用（非枚举，日期/时间格式掩码）
MOCTM,TM003,核价日期,YMD,yyyymmdd,符号掩码,展开后 8 位，与precision=8 吻合,不适用（非枚举，日期/时间格式掩码）
MOCTM,TM010,单据日期,YMD,yyyymmdd,符号掩码,展开后 8 位，与precision=8 吻合,不适用（非枚举，日期/时间格式掩码）
MOCTN,TN011,生效日,YMD,yyyymmdd,符号掩码,展开后 8 位，与precision=8 吻合,不适用（非枚举，日期/时间格式掩码）
MOCTN,TN012,失效日,YMD,yyyymmdd,符号掩码,展开后 8 位，与precision=8 吻合,不适用（非枚举，日期/时间格式掩码）
MOCTN,TN024,原生效日,YMD,yyyymmdd,符号掩码,展开后 8 位，与precision=8 吻合,不适用（非枚举，日期/时间格式掩码）
MOCTO,TO004,变更日期,YMD,yyyymmdd,符号掩码,展开后 8 位，与precision=8 吻合,不适用（非枚举，日期/时间格式掩码）
MOCTO,TO006,新开单日期,YMD,yyyymmdd,符号掩码,展开后 8 位，与precision=8 吻合,不适用（非枚举，日期/时间格式掩码）
MOCTO,TO007,新BOM日期,YMD,yyyymmdd,符号掩码,展开后 8 位，与precision=8 吻合,不适用（非枚举，日期/时间格式掩码）
MOCTO,TO012,新预计开工,YMD,yyyymmdd,符号掩码,展开后 8 位，与precision=8 吻合,不适用（非枚举，日期/时间格式掩码）
MOCTO,TO013,新预计完工,YMD,yyyymmdd,符号掩码,展开后 8 位，与precision=8 吻合,不适用（非枚举，日期/时间格式掩码）
MOCTO,TO015,新实际开工,YMD,yyyymmdd,符号掩码,展开后 8 位，与precision=8 吻合,不适用（非枚举，日期/时间格式掩码）
MOCTO,TO016,新实际完工,YMD,yyyymmdd,符号掩码,展开后 8 位，与precision=8 吻合,不适用（非枚举，日期/时间格式掩码）
MOCTO,TO043,审核日期,YMD,yyyymmdd,符号掩码,展开后 8 位，与precision=8 吻合,不适用（非枚举，日期/时间格式掩码）
MOCTO,TO106,原开单日期,YMD,yyyymmdd,符号掩码,展开后 8 位，与precision=8 吻合,不适用（非枚举，日期/时间格式掩码）
MOCTO,TO107,原BOM日期,YMD,yyyymmdd,符号掩码,展开后 8 位，与precision=8 吻合,不适用（非枚举，日期/时间格式掩码）
MOCTO,TO112,原预计开工,YMD,yyyymmdd,符号掩码,展开后 8 位，与precision=8 吻合,不适用（非枚举，日期/时间格式掩码）
MOCTO,TO113,原预计完工,YMD,yyyymmdd,符号掩码,展开后 8 位，与precision=8 吻合,不适用（非枚举，日期/时间格式掩码）
MOCTO,TO115,原实际开工,YMD,yyyymmdd,符号掩码,展开后 8 位，与precision=8 吻合,不适用（非枚举，日期/时间格式掩码）
MOCTO,TO116,原实际完工,YMD,yyyymmdd,符号掩码,展开后 8 位，与precision=8 吻合,不适用（非枚举，日期/时间格式掩码）
MOCTP,TP016,新预计领料,YMD,yyyymmdd,符号掩码,展开后 8 位，与precision=8 吻合,不适用（非枚举，日期/时间格式掩码）
MOCTP,TP017,新实际领料,YMD,yyyymmdd,符号掩码,展开后 8 位，与precision=8 吻合,不适用（非枚举，日期/时间格式掩码）
MOCTP,TP116,原预计领料,YMD,yyyymmdd,符号掩码,展开后 8 位，与precision=8 吻合,不适用（非枚举，日期/时间格式掩码）
MOCTP,TP117,原实际领料,YMD,yyyymmdd,符号掩码,展开后 8 位，与precision=8 吻合,不适用（非枚举，日期/时间格式掩码）
MOCTR,TR003,挪料日期,YMD,yyyymmdd,符号掩码,展开后 8 位，与precision=8 吻合,不适用（非枚举，日期/时间格式掩码）
MOCTR,TR012,单据日期,YMD,yyyymmdd,符号掩码,展开后 8 位，与precision=8 吻合,不适用（非枚举，日期/时间格式掩码）
MOCTU,TU003,开单日期,YMD,yyyymmdd,符号掩码,展开后 8 位，与precision=8 吻合,不适用（非枚举，日期/时间格式掩码）
MOCTU,TU004,BOM日期,YMD,yyyymmdd,符号掩码,展开后 8 位，与precision=8 吻合,不适用（非枚举，日期/时间格式掩码）
MOCTU,TU009,预计开工,YMD,yyyymmdd,符号掩码,展开后 8 位，与precision=8 吻合,不适用（非枚举，日期/时间格式掩码）
MOCTU,TU010,预计完工,YMD,yyyymmdd,符号掩码,展开后 8 位，与precision=8 吻合,不适用（非枚举，日期/时间格式掩码）
MOCTU,TU012,实际开工,YMD,yyyymmdd,符号掩码,展开后 8 位，与precision=8 吻合,不适用（非枚举，日期/时间格式掩码）
MOCTU,TU014,实际完工,YMD,yyyymmdd,符号掩码,展开后 8 位，与precision=8 吻合,不适用（非枚举，日期/时间格式掩码）
MOCTU,TU040,工单审核日,YMD,yyyymmdd,符号掩码,展开后 8 位，与precision=8 吻合,不适用（非枚举，日期/时间格式掩码）
MOCTU,TU063,需求日期,YMD,yyyymmdd,符号掩码,展开后 8 位，与precision=8 吻合,不适用（非枚举，日期/时间格式掩码）
MOCTU,TU071,拆分日期,YMD,yyyymmdd,符号掩码,展开后 8 位，与precision=8 吻合,不适用（非枚举，日期/时间格式掩码）
MOCTU,TU082,审核日,YMD,yyyymmdd,符号掩码,展开后 8 位，与precision=8 吻合,不适用（非枚举，日期/时间格式掩码）
MOCTV,TV003,开单日期,YMD,yyyymmdd,符号掩码,展开后 8 位，与precision=8 吻合,不适用（非枚举，日期/时间格式掩码）
MOCTV,TV004,BOM日期,YMD,yyyymmdd,符号掩码,展开后 8 位，与precision=8 吻合,不适用（非枚举，日期/时间格式掩码）
MOCTV,TV009,预计开工,YMD,yyyymmdd,符号掩码,展开后 8 位，与precision=8 吻合,不适用（非枚举，日期/时间格式掩码）
MOCTV,TV010,预计完工,YMD,yyyymmdd,符号掩码,展开后 8 位，与precision=8 吻合,不适用（非枚举，日期/时间格式掩码）
MOCTV,TV012,实际开工,YMD,yyyymmdd,符号掩码,展开后 8 位，与precision=8 吻合,不适用（非枚举，日期/时间格式掩码）
MOCTV,TV014,实际完工,YMD,yyyymmdd,符号掩码,展开后 8 位，与precision=8 吻合,不适用（非枚举，日期/时间格式掩码）
MOCTV,TV063,需求日期,YMD,yyyymmdd,符号掩码,展开后 8 位，与precision=8 吻合,不适用（非枚举，日期/时间格式掩码）
MOCTW,TW003,转移日期,YMD,yyyymmdd,符号掩码,展开后 8 位，与precision=8 吻合,不适用（非枚举，日期/时间格式掩码）
MOCTW,TW013,单据日期,YMD,yyyymmdd,符号掩码,展开后 8 位，与precision=8 吻合,不适用（非枚举，日期/时间格式掩码）
MOCTX,TX024,有效日期,YMD,yyyymmdd,符号掩码,展开后 8 位，与precision=8 吻合,不适用（非枚举，日期/时间格式掩码）
MOCTX,TX025,复检日期,YMD,yyyymmdd,符号掩码,展开后 8 位，与precision=8 吻合,不适用（非枚举，日期/时间格式掩码）
MOCTX,TX032,生产日期,YMD,yyyymmdd,符号掩码,展开后 8 位，与precision=8 吻合,不适用（非枚举，日期/时间格式掩码）
MOCUA,UA004,预计生产日,YMD,yyyymmdd,符号掩码,展开后 8 位，与precision=8 吻合,不适用（非枚举，日期/时间格式掩码）
MOCUB,UB003,领料通知日期,YMD,yyyymmdd,符号掩码,展开后 8 位，与precision=8 吻合,不适用（非枚举，日期/时间格式掩码）
MOCUB,UB010,单据日期,YMD,yyyymmdd,符号掩码,展开后 8 位，与precision=8 吻合,不适用（非枚举，日期/时间格式掩码）
MPSTA,TA009,预交货日期,YMD,yyyymmdd,符号掩码,展开后 8 位，与precision=8 吻合,不适用（非枚举，日期/时间格式掩码）
MPSTA,TA011,最晚开工日,YMD,yyyymmdd,符号掩码,展开后 8 位，与precision=8 吻合,不适用（非枚举，日期/时间格式掩码）
MPSTA,TA012,预计开工日,YMD,yyyymmdd,符号掩码,展开后 8 位，与precision=8 吻合,不适用（非枚举，日期/时间格式掩码）
MPSTA,TA013,预计完工日,YMD,yyyymmdd,符号掩码,展开后 8 位，与precision=8 吻合,不适用（非枚举，日期/时间格式掩码）
MPSTB,TB011,预计开工日,YMD,yyyymmdd,符号掩码,展开后 8 位，与precision=8 吻合,不适用（非枚举，日期/时间格式掩码）
MPSTB,TB012,预计完工日,YMD,yyyymmdd,符号掩码,展开后 8 位，与precision=8 吻合,不适用（非枚举，日期/时间格式掩码）
MPSTB,TB013,排程开工日,YMD,yyyymmdd,符号掩码,展开后 8 位，与precision=8 吻合,不适用（非枚举，日期/时间格式掩码）
MPSTB,TB014,排程完工日,YMD,yyyymmdd,符号掩码,展开后 8 位，与precision=8 吻合,不适用（非枚举，日期/时间格式掩码）
MPSTB,TB034,最晚开工日,YMD,yyyymmdd,符号掩码,展开后 8 位，与precision=8 吻合,不适用（非枚举，日期/时间格式掩码）
MPSTB,TB050,预交货日,YMD,yyyymmdd,符号掩码,展开后 8 位，与precision=8 吻合,不适用（非枚举，日期/时间格式掩码）
MPSTC,TC006,日期,YMD,yyyymmdd,符号掩码,展开后 8 位，与precision=8 吻合,不适用（非枚举，日期/时间格式掩码）
MPSTD,TD002,日期,YMD,yyyymmdd,符号掩码,展开后 8 位，与precision=8 吻合,不适用（非枚举，日期/时间格式掩码）
MPSTE,TE003,日期,YMD,yyyymmdd,符号掩码,展开后 8 位，与precision=8 吻合,不适用（非枚举，日期/时间格式掩码）
MPSTF,TF002,日期,YMD,yyyymmdd,符号掩码,展开后 8 位，与precision=8 吻合,不适用（非枚举，日期/时间格式掩码）
MRPLA,LA002,间距日期,YMD,yyyymmdd,符号掩码,展开后 8 位，与precision=8 吻合,不适用（非枚举，日期/时间格式掩码）
MRPMD,MD008,起始供需日期,YMD,yyyymmdd,符号掩码,展开后 8 位，与precision=8 吻合,不适用（非枚举，日期/时间格式掩码）
MRPMD,MD009,截止供需日期,YMD,yyyymmdd,符号掩码,展开后 8 位，与precision=8 吻合,不适用（非枚举，日期/时间格式掩码）
MRPTB,TB003,间距日期,YMD,yyyymmdd,符号掩码,展开后 8 位，与precision=8 吻合,不适用（非枚举，日期/时间格式掩码）
MRPTB,TB004,开单日,YMD,yyyymmdd,符号掩码,展开后 8 位，与precision=8 吻合,不适用（非枚举，日期/时间格式掩码）
MRPTB,TB005,实际供需日期,YMD,yyyymmdd,符号掩码,展开后 8 位，与precision=8 吻合,不适用（非枚举，日期/时间格式掩码）
MRPTC,TC003,间距日期,YMD,yyyymmdd,符号掩码,展开后 8 位，与precision=8 吻合,不适用（非枚举，日期/时间格式掩码）
MRPTC,TC005,供需日期,YMD,yyyymmdd,符号掩码,展开后 8 位，与precision=8 吻合,不适用（非枚举，日期/时间格式掩码）
MRPTC,TC012,主件间距日期,YMD,yyyymmdd,符号掩码,展开后 8 位，与precision=8 吻合,不适用（非枚举，日期/时间格式掩码）
MTPTA,TA002,生效日期,YMD,yyyymmdd,符号掩码,展开后 8 位，与precision=8 吻合,不适用（非枚举，日期/时间格式掩码）
MTPTB,TB002,生效日期,YMD,yyyymmdd,符号掩码,展开后 8 位，与precision=8 吻合,不适用（非枚举，日期/时间格式掩码）
MTPTC,TC002,生效日期,YMD,yyyymmdd,符号掩码,展开后 8 位，与precision=8 吻合,不适用（非枚举，日期/时间格式掩码）
MTPTE,TE005,生成日期,YMD,yyyymmdd,符号掩码,展开后 8 位，与precision=8 吻合,不适用（非枚举，日期/时间格式掩码）
MTPTE,TE009,变更日期,YMD,yyyymmdd,符号掩码,展开后 8 位，与precision=8 吻合,不适用（非枚举，日期/时间格式掩码）
NOTLA,LA002,存款年月,YM,yyyymm,符号掩码,展开后 6 位，与 precision=6 吻合,不适用（非枚举，日期/时间格式掩码）
NOTLB,LB003,调汇年月,YM,yyyymm,符号掩码,展开后 6 位，与 precision=6 吻合,不适用（非枚举，日期/时间格式掩码）
NOTME,ME004,授信生效日,YMD,yyyymmdd,符号掩码,展开后 8 位，与precision=8 吻合,不适用（非枚举，日期/时间格式掩码）
NOTME,ME005,授信到期日,YMD,yyyymmdd,符号掩码,展开后 8 位，与precision=8 吻合,不适用（非枚举，日期/时间格式掩码）
NOTTA,TA004,开票日,YMD,yyyymmdd,符号掩码,展开后 8 位，与precision=8 吻合,不适用（非枚举，日期/时间格式掩码）
NOTTA,TA005,到期日,YMD,yyyymmdd,符号掩码,展开后 8 位，与precision=8 吻合,不适用（非枚举，日期/时间格式掩码）
NOTTB,TB003,异动日,YMD,yyyymmdd,符号掩码,展开后 8 位，与precision=8 吻合,不适用（非枚举，日期/时间格式掩码）
NOTTC,TC004,收票日,YMD,yyyymmdd,符号掩码,展开后 8 位，与precision=8 吻合,不适用（非枚举，日期/时间格式掩码）
NOTTC,TC005,到期日,YMD,yyyymmdd,符号掩码,展开后 8 位，与precision=8 吻合,不适用（非枚举，日期/时间格式掩码）
NOTTC,TC007,预兑日,YMD,yyyymmdd,符号掩码,展开后 8 位，与precision=8 吻合,不适用（非枚举，日期/时间格式掩码）
NOTTD,TD003,异动日,YMD,yyyymmdd,符号掩码,展开后 8 位，与precision=8 吻合,不适用（非枚举，日期/时间格式掩码）
NOTTE,TE002,预计日,YMD,yyyymmdd,符号掩码,展开后 8 位，与precision=8 吻合,不适用（非枚举，日期/时间格式掩码）
NOTTF,TF003,存提日期,YMD,yyyymmdd,符号掩码,展开后 8 位，与precision=8 吻合,不适用（非枚举，日期/时间格式掩码）
NOTTF,TF011,单据日期,YMD,yyyymmdd,符号掩码,展开后 8 位，与precision=8 吻合,不适用（非枚举，日期/时间格式掩码）
NOTTH,TH002,融资日期,YMD,yyyymmdd,符号掩码,展开后 8 位，与precision=8 吻合,不适用（非枚举，日期/时间格式掩码）
NOTTH,TH006,到期日,YMD,yyyymmdd,符号掩码,展开后 8 位，与precision=8 吻合,不适用（非枚举，日期/时间格式掩码）
NOTTI,TI003,托票日期,YMD,yyyymmdd,符号掩码,展开后 8 位，与precision=8 吻合,不适用（非枚举，日期/时间格式掩码）
NOTTJ,TJ002,合同日期,YMD,yyyymmdd,符号掩码,展开后 8 位，与precision=8 吻合,不适用（非枚举，日期/时间格式掩码）
NOTTJ,TJ004,到期日,YMD,yyyymmdd,符号掩码,展开后 8 位，与precision=8 吻合,不适用（非枚举，日期/时间格式掩码）
NOTTK,TK003,借/还款日期,YMD,yyyymmdd,符号掩码,展开后 8 位，与precision=8 吻合,不适用（非枚举，日期/时间格式掩码）
NOTTK,TK005,单据日期,YMD,yyyymmdd,符号掩码,展开后 8 位，与precision=8 吻合,不适用（非枚举，日期/时间格式掩码）
NOTTM,TM003,托票日期,YMD,yyyymmdd,符号掩码,展开后 8 位，与precision=8 吻合,不适用（非枚举，日期/时间格式掩码）
NOTTM,TM009,单据日期,YMD,yyyymmdd,符号掩码,展开后 8 位，与precision=8 吻合,不适用（非枚举，日期/时间格式掩码）
NOTTP,TP002,存款年月,YM,yyyymm,符号掩码,展开后 6 位，与 precision=6 吻合,不适用（非枚举，日期/时间格式掩码）
NOTTQ,TQ002,存款年月,YM,yyyymm,符号掩码,展开后 6 位，与 precision=6 吻合,不适用（非枚举，日期/时间格式掩码）
NOTTQ,TQ005,结算日期,YMD,yyyymmdd,符号掩码,展开后 8 位，与precision=8 吻合,不适用（非枚举，日期/时间格式掩码）
NOTTR,TR002,存款年月,YM,yyyymm,符号掩码,展开后 6 位，与 precision=6 吻合,不适用（非枚举，日期/时间格式掩码）
NOTTS,TS002,存款年月,YM,yyyymm,符号掩码,展开后 6 位，与 precision=6 吻合,不适用（非枚举，日期/时间格式掩码）
NOTTS,TS005,结算日期,YMD,yyyymmdd,符号掩码,展开后 8 位，与precision=8 吻合,不适用（非枚举，日期/时间格式掩码）
NOTTT,TT002,存款年月,YM,yyyymm,符号掩码,展开后 6 位，与 precision=6 吻合,不适用（非枚举，日期/时间格式掩码）
NOTTT,TT010,审核日期,YMD,yyyymmdd,符号掩码,展开后 8 位，与precision=8 吻合,不适用（非枚举，日期/时间格式掩码）
NOTTV,TV002,存款年月,YM,yyyymm,符号掩码,展开后 6 位，与 precision=6 吻合,不适用（非枚举，日期/时间格式掩码）
NOTTV,TV005,结算日期,YMD,yyyymmdd,符号掩码,展开后 8 位，与precision=8 吻合,不适用（非枚举，日期/时间格式掩码）
NOTTW,TW002,存款年月,YM,yyyymm,符号掩码,展开后 6 位，与 precision=6 吻合,不适用（非枚举，日期/时间格式掩码）
NOTTW,TW005,结算日期,YMD,yyyymmdd,符号掩码,展开后 8 位，与precision=8 吻合,不适用（非枚举，日期/时间格式掩码）
OMSTG,TG003,申请日期,YMD,yyyymmdd,符号掩码,展开后 8 位，与precision=8 吻合,不适用（非枚举，日期/时间格式掩码）
OMSTG,TG004,单据日期,YMD,yyyymmdd,符号掩码,展开后 8 位，与precision=8 吻合,不适用（非枚举，日期/时间格式掩码）
OMSTH,TH003,借款日期,YMD,yyyymmdd,符号掩码,展开后 8 位，与precision=8 吻合,不适用（非枚举，日期/时间格式掩码）
OMSTH,TH004,单据日期,YMD,yyyymmdd,符号掩码,展开后 8 位，与precision=8 吻合,不适用（非枚举，日期/时间格式掩码）
OMSTH,TH030,预计还款日期,YMD,yyyymmdd,符号掩码,展开后 8 位，与precision=8 吻合,不适用（非枚举，日期/时间格式掩码）
OMSTI,TI003,还款日期,YMD,yyyymmdd,符号掩码,展开后 8 位，与precision=8 吻合,不适用（非枚举，日期/时间格式掩码）
OMSTI,TI004,单据日期,YMD,yyyymmdd,符号掩码,展开后 8 位，与precision=8 吻合,不适用（非枚举，日期/时间格式掩码）
OMSTJ,TJ003,报销日期,YMD,yyyymmdd,符号掩码,展开后 8 位，与precision=8 吻合,不适用（非枚举，日期/时间格式掩码）
OMSTJ,TJ004,单据日期,YMD,yyyymmdd,符号掩码,展开后 8 位，与precision=8 吻合,不适用（非枚举，日期/时间格式掩码）
OMSTL,TL003,调整日期,YMD,yyyymmdd,符号掩码,展开后 8 位，与precision=8 吻合,不适用（非枚举，日期/时间格式掩码）
OMSTL,TL004,单据日期,YMD,yyyymmdd,符号掩码,展开后 8 位，与precision=8 吻合,不适用（非枚举，日期/时间格式掩码）
OMSTN,TN003,申请日期,YMD,yyyymmdd,符号掩码,展开后 8 位，与precision=8 吻合,不适用（非枚举，日期/时间格式掩码）
OMSTN,TN004,单据日期,YMD,yyyymmdd,符号掩码,展开后 8 位，与precision=8 吻合,不适用（非枚举，日期/时间格式掩码）
OMSTP,TP010,预计付款日,YMD,yyyymmdd,符号掩码,展开后 8 位，与precision=8 吻合,不适用（非枚举，日期/时间格式掩码）
OMSTP,TP011,预计兑现日,YMD,yyyymmdd,符号掩码,展开后 8 位，与precision=8 吻合,不适用（非枚举，日期/时间格式掩码）
OMSTP,TP019,单据日期,YMD,yyyymmdd,符号掩码,展开后 8 位，与precision=8 吻合,不适用（非枚举，日期/时间格式掩码）
OMSTP,TP022,取得折扣付款日,YMD,yyyymmdd,符号掩码,展开后 8 位，与precision=8 吻合,不适用（非枚举，日期/时间格式掩码）
PALLA,LA002,年月,YM,yyyymm,符号掩码,展开后 6 位，与 precision=6 吻合,不适用（非枚举，日期/时间格式掩码）
PALLB,LB002,年月,YM,yyyymm,符号掩码,展开后 6 位，与 precision=6 吻合,不适用（非枚举，日期/时间格式掩码）
PALLC,LC002,计薪年月,YM,yyyymm,符号掩码,展开后 6 位，与 precision=6 吻合,不适用（非枚举，日期/时间格式掩码）
PALLC,LC007,津贴扣款日期,YMD,yyyymmdd,符号掩码,展开后 8 位，与precision=8 吻合,不适用（非枚举，日期/时间格式掩码）
PALLD,LD002,计薪年月,YM,yyyymm,符号掩码,展开后 6 位，与 precision=6 吻合,不适用（非枚举，日期/时间格式掩码）
PALLD,LD004,计件日期,YMD,yyyymmdd,符号掩码,展开后 8 位，与precision=8 吻合,不适用（非枚举，日期/时间格式掩码）
PALMS,MS001,年度,Y,yyyy,符号掩码,展开后 4 位，与 precision=4 吻合,不适用（非枚举，日期/时间格式掩码）
PALMT,MT001,年度,Y,yyyy,符号掩码,展开后 4 位，与 precision=4 吻合,不适用（非枚举，日期/时间格式掩码）
PALMW,MW001,年度,Y,yyyy,符号掩码,展开后 4 位，与 precision=4 吻合,不适用（非枚举，日期/时间格式掩码）
PALMX,MX001,年度,Y,yyyy,符号掩码,展开后 4 位，与 precision=4 吻合,不适用（非枚举，日期/时间格式掩码）
PALNE,NE012,起始年月,YM,yyyymm,符号掩码,展开后 6 位，与 precision=6 吻合,不适用（非枚举，日期/时间格式掩码）
PALNE,NE013,截止年月,YM,yyyymm,符号掩码,展开后 6 位，与 precision=6 吻合,不适用（非枚举，日期/时间格式掩码）
PALNF,NF014,服务年月起,YMD,yyyymmdd,符号掩码,展开后 8 位，与precision=8 吻合,不适用（非枚举，日期/时间格式掩码）
PALNF,NF015,服务年月迄,YMD,yyyymmdd,符号掩码,展开后 8 位，与precision=8 吻合,不适用（非枚举，日期/时间格式掩码）
PALNI,NI006,取得日期,YMD,yyyymmdd,符号掩码,展开后 8 位，与precision=8 吻合,不适用（非枚举，日期/时间格式掩码）
PALNL,NL005,起始年月,YM,yyyymm,符号掩码,展开后 6 位，与 precision=6 吻合,不适用（非枚举，日期/时间格式掩码）
PALNL,NL006,截止年月,YM,yyyymm,符号掩码,展开后 6 位，与 precision=6 吻合,不适用（非枚举，日期/时间格式掩码）
PALTA,TA002,年资认定起始日期,YMD,yyyymmdd,符号掩码,展开后 8 位，与precision=8 吻合,不适用（非枚举，日期/时间格式掩码）
PALTA,TA003,年资认定截止日期,YMD,yyyymmdd,符号掩码,展开后 8 位，与precision=8 吻合,不适用（非枚举，日期/时间格式掩码）
PALTB,TB002,日期,YMD,yyyymmdd,符号掩码,展开后 8 位，与precision=8 吻合,不适用（非枚举，日期/时间格式掩码）
PALTC,TC002,年月,YM,yyyymm,符号掩码,展开后 6 位，与 precision=6 吻合,不适用（非枚举，日期/时间格式掩码）
PALTD,TD002,异动日期,YMD,yyyymmdd,符号掩码,展开后 8 位，与precision=8 吻合,不适用（非枚举，日期/时间格式掩码）
PALTD,TD009,审核日期,YMD,yyyymmdd,符号掩码,展开后 8 位，与precision=8 吻合,不适用（非枚举，日期/时间格式掩码）
PALTE,TE002,异动日期,YMD,yyyymmdd,符号掩码,展开后 8 位，与precision=8 吻合,不适用（非枚举，日期/时间格式掩码）
PALTE,TE011,审核日期,YMD,yyyymmdd,符号掩码,展开后 8 位，与precision=8 吻合,不适用（非枚举，日期/时间格式掩码）
PALTF,TF002,请假日期,YMD,yyyymmdd,符号掩码,展开后 8 位，与precision=8 吻合,不适用（非枚举，日期/时间格式掩码）
PALTF,TF012,审核日期,YMD,yyyymmdd,符号掩码,展开后 8 位，与precision=8 吻合,不适用（非枚举，日期/时间格式掩码）
PALTF,TF016,预留字段,YMD,yyyymmdd,符号掩码,展开后 8 位，与precision=8 吻合,不适用（非枚举，日期/时间格式掩码）
PALTG,TG002,加班日期,YMD,yyyymmdd,符号掩码,展开后 8 位，与precision=8 吻合,不适用（非枚举，日期/时间格式掩码）
PALTG,TG014,审核日期,YMD,yyyymmdd,符号掩码,展开后 8 位，与precision=8 吻合,不适用（非枚举，日期/时间格式掩码）
PALTH,TH001,日期,YMD,yyyymmdd,符号掩码,展开后 8 位，与precision=8 吻合,不适用（非枚举，日期/时间格式掩码）
PALTI,TI002,发薪年月,YM,yyyymm,符号掩码,展开后 6 位，与 precision=6 吻合,不适用（非枚举，日期/时间格式掩码）
PALTJ,TJ002,年月,YM,yyyymm,符号掩码,展开后 6 位，与 precision=6 吻合,不适用（非枚举，日期/时间格式掩码）
PALTK,TK002,年度,Y,yyyy,符号掩码,展开后 4 位，与 precision=4 吻合,不适用（非枚举，日期/时间格式掩码）
PALTL,TL002,年度,Y,yyyy,符号掩码,展开后 4 位，与 precision=4 吻合,不适用（非枚举，日期/时间格式掩码）
PALTM,TM002,年月,YM,yyyymm,符号掩码,展开后 6 位，与 precision=6 吻合,不适用（非枚举，日期/时间格式掩码）
PALTN,TN002,年月,YM,yyyymm,符号掩码,展开后 6 位，与 precision=6 吻合,不适用（非枚举，日期/时间格式掩码）
PALTO,TO002,异动日期,YMD,yyyymmdd,符号掩码,展开后 8 位，与precision=8 吻合,不适用（非枚举，日期/时间格式掩码）
PALTP,TP002,异动日期,YMD,yyyymmdd,符号掩码,展开后 8 位，与precision=8 吻合,不适用（非枚举，日期/时间格式掩码）
PALTQ,TQ002,异动日期,YMD,yyyymmdd,符号掩码,展开后 8 位，与precision=8 吻合,不适用（非枚举，日期/时间格式掩码）
PALTQ,TQ005,生日,YMD,yyyymmdd,符号掩码,展开后 8 位，与precision=8 吻合,不适用（非枚举，日期/时间格式掩码）
PALTR,TR001,发放日期,YMD,yyyymmdd,符号掩码,展开后 8 位，与precision=8 吻合,不适用（非枚举，日期/时间格式掩码）
PALTS,TS021,起始所属年月,YM,yyyymm,符号掩码,展开后 6 位，与 precision=6 吻合,不适用（非枚举，日期/时间格式掩码）
PALTS,TS022,截止所属年月,YM,yyyymm,符号掩码,展开后 6 位，与 precision=6 吻合,不适用（非枚举，日期/时间格式掩码）
PALTS,TS029,除息日,YMD,yyyymmdd,符号掩码,展开后 8 位，与precision=8 吻合,不适用（非枚举，日期/时间格式掩码）
PALTT,TT002,异动日期,YMD,yyyymmdd,符号掩码,展开后 8 位，与precision=8 吻合,不适用（非枚举，日期/时间格式掩码）
PALTT,TT005,审核日期,YMD,yyyymmdd,符号掩码,展开后 8 位，与precision=8 吻合,不适用（非枚举，日期/时间格式掩码）
PALTU,TU001,日期,YMD,yyyymmdd,符号掩码,展开后 8 位，与precision=8 吻合,不适用（非枚举，日期/时间格式掩码）
PALTV,TV002,异动日期,YMD,yyyymmdd,符号掩码,展开后 8 位，与precision=8 吻合,不适用（非枚举，日期/时间格式掩码）
PALTW,TW001,计件日期,YMD,yyyymmdd,符号掩码,展开后 8 位，与precision=8 吻合,不适用（非枚举，日期/时间格式掩码）
PALTW,TW008,单据日期,YMD,yyyymmdd,符号掩码,展开后 8 位，与precision=8 吻合,不适用（非枚举，日期/时间格式掩码）
PALTX,TX001,计件日期,YMD,yyyymmdd,符号掩码,展开后 8 位，与precision=8 吻合,不适用（非枚举，日期/时间格式掩码）
PALTY,TY001,计件日期,YMD,yyyymmdd,符号掩码,展开后 8 位，与precision=8 吻合,不适用（非枚举，日期/时间格式掩码）
PSMTF,TF011,盘点日期,YMD,yyyymmdd,符号掩码,展开后 8 位，与precision=8 吻合,不适用（非枚举，日期/时间格式掩码）
PSMTG,TG003,调整日期,YMD,yyyymmdd,符号掩码,展开后 8 位，与precision=8 吻合,不适用（非枚举，日期/时间格式掩码）
PSMTG,TG009,单据日期,YMD,yyyymmdd,符号掩码,展开后 8 位，与precision=8 吻合,不适用（非枚举，日期/时间格式掩码）
PSMTI,TI020,单据日期,YMD,yyyymmdd,符号掩码,展开后 8 位，与precision=8 吻合,不适用（非枚举，日期/时间格式掩码）
PSMTI,TI021,返工对应单日期,YMD,yyyymmdd,符号掩码,展开后 8 位，与precision=8 吻合,不适用（非枚举，日期/时间格式掩码）
PURCA,CA004,生效日,YMD,yyyymmdd,符号掩码,展开后 8 位，与precision=8 吻合,不适用（非枚举，日期/时间格式掩码）
PURCA,CA005,失效日,YMD,yyyymmdd,符号掩码,展开后 8 位，与precision=8 吻合,不适用（非枚举，日期/时间格式掩码）
PURCB,CB003,生效日,YMD,yyyymmdd,符号掩码,展开后 8 位，与precision=8 吻合,不适用（非枚举，日期/时间格式掩码）
PURCC,CC003,到货日期,YMD,yyyymmdd,符号掩码,展开后 8 位，与precision=8 吻合,不适用（非枚举，日期/时间格式掩码）
PURCC,CC010,单据日期,YMD,yyyymmdd,符号掩码,展开后 8 位，与precision=8 吻合,不适用（非枚举，日期/时间格式掩码）
PURLB,LB003,年月,YM,yyyymm,符号掩码,展开后 6 位，与 precision=6 吻合,不适用（非枚举，日期/时间格式掩码）
PURLC,LC002,年月,YM,yyyymm,符号掩码,展开后 6 位，与 precision=6 吻合,不适用（非枚举，日期/时间格式掩码）
PURMA,MA017,开业日,YMD,yyyymmdd,符号掩码,展开后 8 位，与precision=8 吻合,不适用（非枚举，日期/时间格式掩码）
PURMB,MB005,初次交易日,YMD,yyyymmdd,符号掩码,展开后 8 位，与precision=8 吻合,不适用（非枚举，日期/时间格式掩码）
PURMB,MB008,核价日,YMD,yyyymmdd,符号掩码,展开后 8 位，与precision=8 吻合,不适用（非枚举，日期/时间格式掩码）
PURMB,MB009,上次进货日,YMD,yyyymmdd,符号掩码,展开后 8 位，与precision=8 吻合,不适用（非枚举，日期/时间格式掩码）
PURMB,MB014,生效日,YMD,yyyymmdd,符号掩码,展开后 8 位，与precision=8 吻合,不适用（非枚举，日期/时间格式掩码）
PURMB,MB015,失效日,YMD,yyyymmdd,符号掩码,展开后 8 位，与precision=8 吻合,不适用（非枚举，日期/时间格式掩码）
PURMC,MC008,生效日,YMD,yyyymmdd,符号掩码,展开后 8 位，与precision=8 吻合,不适用（非枚举，日期/时间格式掩码）
PURTA,TA003,请购日期,YMD,yyyymmdd,符号掩码,展开后 8 位，与precision=8 吻合,不适用（非枚举，日期/时间格式掩码）
PURTA,TA013,单据日期,YMD,yyyymmdd,符号掩码,展开后 8 位，与precision=8 吻合,不适用（非枚举，日期/时间格式掩码）
PURTB,TB011,需求日期,YMD,yyyymmdd,符号掩码,展开后 8 位，与precision=8 吻合,不适用（非枚举，日期/时间格式掩码）
PURTB,TB019,交货日,YMD,yyyymmdd,符号掩码,展开后 8 位，与precision=8 吻合,不适用（非枚举，日期/时间格式掩码）
PURTB,TB036,预留字段,YMD,yyyymmdd,符号掩码,展开后 8 位，与precision=8 吻合,不适用（非枚举，日期/时间格式掩码）
PURTB,TB050,采购维护日,YMD,yyyymmdd,符号掩码,展开后 8 位，与precision=8 吻合,不适用（非枚举，日期/时间格式掩码）
PURTC,TC003,采购日期,YMD,yyyymmdd,符号掩码,展开后 8 位，与precision=8 吻合,不适用（非枚举，日期/时间格式掩码）
PURTC,TC015,P/I日期,YMD,yyyymmdd,符号掩码,展开后 8 位，与precision=8 吻合,不适用（非枚举，日期/时间格式掩码）
PURTC,TC024,单据日期,YMD,yyyymmdd,符号掩码,展开后 8 位，与precision=8 吻合,不适用（非枚举，日期/时间格式掩码）
PURTD,TD012,预交货日,YMD,yyyymmdd,符号掩码,展开后 8 位，与precision=8 吻合,不适用（非枚举，日期/时间格式掩码）
PURTE,TE004,变更日期,YMD,yyyymmdd,符号掩码,展开后 8 位，与precision=8 吻合,不适用（非枚举，日期/时间格式掩码）
PURTE,TE011,单据日期,YMD,yyyymmdd,符号掩码,展开后 8 位，与precision=8 吻合,不适用（非枚举，日期/时间格式掩码）
PURTE,TE013,新P/I日期,YMD,yyyymmdd,符号掩码,展开后 8 位，与precision=8 吻合,不适用（非枚举，日期/时间格式掩码）
PURTE,TE113,原P/I日期,YMD,yyyymmdd,符号掩码,展开后 8 位，与precision=8 吻合,不适用（非枚举，日期/时间格式掩码）
PURTF,TF013,预交货日,YMD,yyyymmdd,符号掩码,展开后 8 位，与precision=8 吻合,不适用（非枚举，日期/时间格式掩码）
PURTF,TF113,原预交货日,YMD,yyyymmdd,符号掩码,展开后 8 位，与precision=8 吻合,不适用（非枚举，日期/时间格式掩码）
PURTG,TG003,进货日期,YMD,yyyymmdd,符号掩码,展开后 8 位，与precision=8 吻合,不适用（非枚举，日期/时间格式掩码）
PURTG,TG014,单据日期,YMD,yyyymmdd,符号掩码,展开后 8 位，与precision=8 吻合,不适用（非枚举，日期/时间格式掩码）
PURTG,TG027,发票日期,YMD,yyyymmdd,符号掩码,展开后 8 位，与precision=8 吻合,不适用（非枚举，日期/时间格式掩码）
PURTH,TH014,验收日期,YMD,yyyymmdd,符号掩码,展开后 8 位，与precision=8 吻合,不适用（非枚举，日期/时间格式掩码）
PURTH,TH036,有效日期,YMD,yyyymmdd,符号掩码,展开后 8 位，与precision=8 吻合,不适用（非枚举，日期/时间格式掩码）
PURTH,TH037,复检日期,YMD,yyyymmdd,符号掩码,展开后 8 位，与precision=8 吻合,不适用（非枚举，日期/时间格式掩码）
PURTH,TH057,生产日期,YMD,yyyymmdd,符号掩码,展开后 8 位，与precision=8 吻合,不适用（非枚举，日期/时间格式掩码）
PURTI,TI003,退货日期,YMD,yyyymmdd,符号掩码,展开后 8 位，与precision=8 吻合,不适用（非枚举，日期/时间格式掩码）
PURTI,TI014,单据日期,YMD,yyyymmdd,符号掩码,展开后 8 位，与precision=8 吻合,不适用（非枚举，日期/时间格式掩码）
PURTI,TI023,发票日期,YMD,yyyymmdd,符号掩码,展开后 8 位，与precision=8 吻合,不适用（非枚举，日期/时间格式掩码）
PURTJ,TJ038,生产日期,YMD,yyyymmdd,符号掩码,展开后 8 位，与precision=8 吻合,不适用（非枚举，日期/时间格式掩码）
PURTJ,TJ042,有效日期,YMD,yyyymmdd,符号掩码,展开后 8 位，与precision=8 吻合,不适用（非枚举，日期/时间格式掩码）
PURTJ,TJ043,复检日期,YMD,yyyymmdd,符号掩码,展开后 8 位，与precision=8 吻合,不适用（非枚举，日期/时间格式掩码）
PURTK,TK005,退货日期,YMD,yyyymmdd,符号掩码,展开后 8 位，与precision=8 吻合,不适用（非枚举，日期/时间格式掩码）
PURTL,TL003,核价日期,YMD,yyyymmdd,符号掩码,展开后 8 位，与precision=8 吻合,不适用（非枚举，日期/时间格式掩码）
PURTL,TL010,单据日期,YMD,yyyymmdd,符号掩码,展开后 8 位，与precision=8 吻合,不适用（非枚举，日期/时间格式掩码）
PURTM,TM014,生效日,YMD,yyyymmdd,符号掩码,展开后 8 位，与precision=8 吻合,不适用（非枚举，日期/时间格式掩码）
PURTM,TM015,失效日,YMD,yyyymmdd,符号掩码,展开后 8 位，与precision=8 吻合,不适用（非枚举，日期/时间格式掩码）
PURTM,TM017,原生效日,YMD,yyyymmdd,符号掩码,展开后 8 位，与precision=8 吻合,不适用（非枚举，日期/时间格式掩码）
PURTO,TO003,询价日期,YMD,yyyymmdd,符号掩码,展开后 8 位，与precision=8 吻合,不适用（非枚举，日期/时间格式掩码）
PURTO,TO010,单据日期,YMD,yyyymmdd,符号掩码,展开后 8 位，与precision=8 吻合,不适用（非枚举，日期/时间格式掩码）
PURTP,TP013,生效日,YMD,yyyymmdd,符号掩码,展开后 8 位，与precision=8 吻合,不适用（非枚举，日期/时间格式掩码）
PURTP,TP014,失效日,YMD,yyyymmdd,符号掩码,展开后 8 位，与precision=8 吻合,不适用（非枚举，日期/时间格式掩码）
PURTR,TR013,交货日,YMD,yyyymmdd,符号掩码,展开后 8 位，与precision=8 吻合,不适用（非枚举，日期/时间格式掩码）
PURTS,TS005,变更日期,YMD,yyyymmdd,符号掩码,展开后 8 位，与precision=8 吻合,不适用（非枚举，日期/时间格式掩码）
PURTS,TS013,审核日期,YMD,yyyymmdd,符号掩码,展开后 8 位，与precision=8 吻合,不适用（非枚举，日期/时间格式掩码）
QMSTA,TA004,检验日期,YMD,yyyymmdd,符号掩码,展开后 8 位，与precision=8 吻合,不适用（非枚举，日期/时间格式掩码）
QMSTA,TA005,检验期限,YMD,yyyymmdd,符号掩码,展开后 8 位，与precision=8 吻合,不适用（非枚举，日期/时间格式掩码）
QMSTA,TA019,单据日期,YMD,yyyymmdd,符号掩码,展开后 8 位，与precision=8 吻合,不适用（非枚举，日期/时间格式掩码）
QMSTA,TA029,取样日期,YMD,yyyymmdd,符号掩码,展开后 8 位，与precision=8 吻合,不适用（非枚举，日期/时间格式掩码）
QMSTD,TD004,检验日期,YMD,yyyymmdd,符号掩码,展开后 8 位，与precision=8 吻合,不适用（非枚举，日期/时间格式掩码）
QMSTD,TD005,检验期限,YMD,yyyymmdd,符号掩码,展开后 8 位，与precision=8 吻合,不适用（非枚举，日期/时间格式掩码）
QMSTD,TD019,单据日期,YMD,yyyymmdd,符号掩码,展开后 8 位，与precision=8 吻合,不适用（非枚举，日期/时间格式掩码）
QMSTD,TD029,取样日期,YMD,yyyymmdd,符号掩码,展开后 8 位，与precision=8 吻合,不适用（非枚举，日期/时间格式掩码）
QMSTG,TG004,检验日期,YMD,yyyymmdd,符号掩码,展开后 8 位，与precision=8 吻合,不适用（非枚举，日期/时间格式掩码）
QMSTG,TG005,检验期限,YMD,yyyymmdd,符号掩码,展开后 8 位，与precision=8 吻合,不适用（非枚举，日期/时间格式掩码）
QMSTG,TG019,单据日期,YMD,yyyymmdd,符号掩码,展开后 8 位，与precision=8 吻合,不适用（非枚举，日期/时间格式掩码）
QMSTG,TG029,取样日期,YMD,yyyymmdd,符号掩码,展开后 8 位，与precision=8 吻合,不适用（非枚举，日期/时间格式掩码）
QMSTJ,TJ004,检验日期,YMD,yyyymmdd,符号掩码,展开后 8 位，与precision=8 吻合,不适用（非枚举，日期/时间格式掩码）
QMSTJ,TJ005,检验期限,YMD,yyyymmdd,符号掩码,展开后 8 位，与precision=8 吻合,不适用（非枚举，日期/时间格式掩码）
QMSTJ,TJ019,单据日期,YMD,yyyymmdd,符号掩码,展开后 8 位，与precision=8 吻合,不适用（非枚举，日期/时间格式掩码）
QMSTJ,TJ029,取样日期,YMD,yyyymmdd,符号掩码,展开后 8 位，与precision=8 吻合,不适用（非枚举，日期/时间格式掩码）
QMSTM,TM004,检验日期,YMD,yyyymmdd,符号掩码,展开后 8 位，与precision=8 吻合,不适用（非枚举，日期/时间格式掩码）
QMSTM,TM005,检验期限,YMD,yyyymmdd,符号掩码,展开后 8 位，与precision=8 吻合,不适用（非枚举，日期/时间格式掩码）
QMSTM,TM019,单据日期,YMD,yyyymmdd,符号掩码,展开后 8 位，与precision=8 吻合,不适用（非枚举，日期/时间格式掩码）
QMSTM,TM029,取样日期,YMD,yyyymmdd,符号掩码,展开后 8 位，与precision=8 吻合,不适用（非枚举，日期/时间格式掩码）
RMAMF,MF004,核价日,YMD,yyyymmdd,符号掩码,展开后 8 位，与precision=8 吻合,不适用（非枚举，日期/时间格式掩码）
RMAMF,MF005,生效日,YMD,yyyymmdd,符号掩码,展开后 8 位，与precision=8 吻合,不适用（非枚举，日期/时间格式掩码）
RMAMF,MF006,失效日,YMD,yyyymmdd,符号掩码,展开后 8 位，与precision=8 吻合,不适用（非枚举，日期/时间格式掩码）
RMAMG,MG002,年份,Y,yyyy,符号掩码,展开后 4 位，与 precision=4 吻合,不适用（非枚举，日期/时间格式掩码）
RMAMJ,MJ003,异动日期,YMD,yyyymmdd,符号掩码,展开后 8 位，与precision=8 吻合,不适用（非枚举，日期/时间格式掩码）
RMATA,TA003,单据日期,YMD,yyyymmdd,符号掩码,展开后 8 位，与precision=8 吻合,不适用（非枚举，日期/时间格式掩码）
RMATA,TA011,预计完修日,YMD,yyyymmdd,符号掩码,展开后 8 位，与precision=8 吻合,不适用（非枚举，日期/时间格式掩码）
RMATA,TA012,实际完修日,YMD,yyyymmdd,符号掩码,展开后 8 位，与precision=8 吻合,不适用（非枚举，日期/时间格式掩码）
RMATA,TA015,审核日期,YMD,yyyymmdd,符号掩码,展开后 8 位，与precision=8 吻合,不适用（非枚举，日期/时间格式掩码）
RMATC,TC003,单据日期,YMD,yyyymmdd,符号掩码,展开后 8 位，与precision=8 吻合,不适用（非枚举，日期/时间格式掩码）
RMATC,TC004,审核日期,YMD,yyyymmdd,符号掩码,展开后 8 位，与precision=8 吻合,不适用（非枚举，日期/时间格式掩码）
RMATC,TC014,预计完修日,YMD,yyyymmdd,符号掩码,展开后 8 位，与precision=8 吻合,不适用（非枚举，日期/时间格式掩码）
RMATC,TC015,实际完修日,YMD,yyyymmdd,符号掩码,展开后 8 位，与precision=8 吻合,不适用（非枚举，日期/时间格式掩码）
RMATC,TC044,预留字段,YMD,yyyymmdd,符号掩码,展开后 8 位，与precision=8 吻合,不适用（非枚举，日期/时间格式掩码）
RMATC,TC045,申报年月,YM,yyyymm,符号掩码,展开后 6 位，与 precision=6 吻合,不适用（非枚举，日期/时间格式掩码）
RMATF,TF003,单据日期,YMD,yyyymmdd,符号掩码,展开后 8 位，与precision=8 吻合,不适用（非枚举，日期/时间格式掩码）
RMATF,TF004,审核日期,YMD,yyyymmdd,符号掩码,展开后 8 位，与precision=8 吻合,不适用（非枚举，日期/时间格式掩码）
RMATG,TG015,预计归还日,YMD,yyyymmdd,符号掩码,展开后 8 位，与precision=8 吻合,不适用（非枚举，日期/时间格式掩码）
RMATH,TH003,单据日期,YMD,yyyymmdd,符号掩码,展开后 8 位，与precision=8 吻合,不适用（非枚举，日期/时间格式掩码）
RMATH,TH004,审核日期,YMD,yyyymmdd,符号掩码,展开后 8 位，与precision=8 吻合,不适用（非枚举，日期/时间格式掩码）
RMATJ,TJ003,单据日期,YMD,yyyymmdd,符号掩码,展开后 8 位，与precision=8 吻合,不适用（非枚举，日期/时间格式掩码）
RMATJ,TJ004,单据审核日期,YMD,yyyymmdd,符号掩码,展开后 8 位，与precision=8 吻合,不适用（非枚举，日期/时间格式掩码）
SASLA,LA015,日期,YMD,yyyymmdd,符号掩码,展开后 8 位，与precision=8 吻合,不适用（非枚举，日期/时间格式掩码）
SASLA,LA039,归属年月,YM,yyyymm,符号掩码,展开后 6 位，与 precision=6 吻合,不适用（非枚举，日期/时间格式掩码）
SFCDD,DD022,验收日期,YMD,yyyymmdd,符号掩码,展开后 8 位，与precision=8 吻合,不适用（非枚举，日期/时间格式掩码）
SFCTA,TA008,预计开工日,YMD,yyyymmdd,符号掩码,展开后 8 位，与precision=8 吻合,不适用（非枚举，日期/时间格式掩码）
SFCTA,TA009,预计完工日,YMD,yyyymmdd,符号掩码,展开后 8 位，与precision=8 吻合,不适用（非枚举，日期/时间格式掩码）
SFCTA,TA030,实际开工日,YMD,yyyymmdd,符号掩码,展开后 8 位，与precision=8 吻合,不适用（非枚举，日期/时间格式掩码）
SFCTA,TA031,实际完工日,YMD,yyyymmdd,符号掩码,展开后 8 位，与precision=8 吻合,不适用（非枚举，日期/时间格式掩码）
SFCTB,TB003,转移日期,YMD,yyyymmdd,符号掩码,展开后 8 位，与precision=8 吻合,不适用（非枚举，日期/时间格式掩码）
SFCTB,TB015,单据日期,YMD,yyyymmdd,符号掩码,展开后 8 位，与precision=8 吻合,不适用（非枚举，日期/时间格式掩码）
SFCTC,TC024,预交货日期,YMD,yyyymmdd,符号掩码,展开后 8 位，与precision=8 吻合,不适用（非枚举，日期/时间格式掩码）
SFCTC,TC033,有效日期,YMD,yyyymmdd,符号掩码,展开后 8 位，与precision=8 吻合,不适用（非枚举，日期/时间格式掩码）
SFCTC,TC034,复检日期,YMD,yyyymmdd,符号掩码,展开后 8 位，与precision=8 吻合,不适用（非枚举，日期/时间格式掩码）
SFCTC,TC038,验收日期,YMD,yyyymmdd,符号掩码,展开后 8 位，与precision=8 吻合,不适用（非枚举，日期/时间格式掩码）
SFCTD,TD003,生产日期,YMD,yyyymmdd,符号掩码,展开后 8 位，与precision=8 吻合,不适用（非枚举，日期/时间格式掩码）
SFCTD,TD008,单据日期,YMD,yyyymmdd,符号掩码,展开后 8 位，与precision=8 吻合,不适用（非枚举，日期/时间格式掩码）
TISTA,TA002,来源日期,YMD,yyyymmdd,符号掩码,展开后 8 位，与precision=8 吻合,不适用（非枚举，日期/时间格式掩码）
TISTA,TA025,新开立日期,YMD,yyyymmdd,符号掩码,展开后 8 位，与precision=8 吻合,不适用（非枚举，日期/时间格式掩码）
TISTC,TC005,开立日期,YMD,yyyymmdd,符号掩码,展开后 8 位，与precision=8 吻合,不适用（非枚举，日期/时间格式掩码）
TISTE,TE002,来源日期,YMD,yyyymmdd,符号掩码,展开后 8 位，与precision=8 吻合,不适用（非枚举，日期/时间格式掩码）
TISTE,TE012,发票日期,YMD,yyyymmdd,符号掩码,展开后 8 位，与precision=8 吻合,不适用（非枚举，日期/时间格式掩码）
TISTE,TE015,付款日期,YMD,yyyymmdd,符号掩码,展开后 8 位，与precision=8 吻合,不适用（非枚举，日期/时间格式掩码）
TISTE,TE016,入库日期,YMD,yyyymmdd,符号掩码,展开后 8 位，与precision=8 吻合,不适用（非枚举，日期/时间格式掩码）
YFMXB,出入,出入,YMD,yyyymmdd,符号掩码,展开后 8 位，与precision=8 吻合,不适用（非枚举，日期/时间格式掩码）
YSMXB,出入,出入,YMD,yyyymmdd,符号掩码,展开后 8 位，与precision=8 吻合,不适用（非枚举，日期/时间格式掩码）
