node_name,type_key,physical_table,confidence,evidence
accounting_voucher_data,accounting.voucher,,ACCEPTED_NO_TABLE,"node_name 有效（字段 doc_no 未报错）"
accounting_voucher_detail_data,accounting.voucher,,MA012,"节点未注册（MA012未定義）"
ap_refund_doc_data,ap.refund.doc,,ACCEPTED_NO_TABLE,"node_name 有效（字段 doc_no 未报错）"
ap_refund_doc_detail_data,ap.refund.doc,,ACCEPTED_NO_TABLE,"node_name 有效（字段 doc_no 未报错）"
wo_stockin_data,ap.refund.doc,,MA012,"节点未注册（MA012未定義）"
wo_stockin_detail_data,ap.refund.doc,,MA012,"节点未注册（MA012未定義）"
detail_of_approve_price_data,approve.price,,ACCEPTED_NO_TABLE,"node_name 有效（字段 doc_no 未报错）"
header_of_approve_price_data,approve.price,,ACCEPTED_NO_TABLE,"node_name 有效（字段 doc_no 未报错）"
sub_detail_of_approve_price_data,approve.price,,MA012,"节点未注册（MA012未定義）"
ar_refund_doc_data,ar.refund.doc,,ACCEPTED_NO_TABLE,"node_name 有效（字段 doc_no 未报错）"
ar_refund_doc_detail_data,ar.refund.doc,,MA012,"节点未注册（MA012未定義）"
bom_requirement_detail_data,bom,,MA012,"节点未注册（MA012未定義）"
bom_requirement_header_data,bom,,MA012,"节点未注册（MA012未定義）"
bom_requirement_scrap_ratio_data,bom,,MA012,"节点未注册（MA012未定義）"
borrow_doc_data,borrow.doc,,ACCEPTED_NO_TABLE,"node_name 有效（字段 doc_no 未报错）"
borrow_doc_detail_data,borrow.doc,,ACCEPTED_NO_TABLE,"node_name 有效（字段 doc_no 未报错）"
borrow_return_data,borrow.return,,ACCEPTED_NO_TABLE,"node_name 有效（字段 doc_no 未报错）"
borrow_return_detail_data,borrow.return,,ACCEPTED_NO_TABLE,"node_name 有效（字段 doc_no 未报错）"
collection_doc_data,collection.doc,,ACCEPTED_NO_TABLE,"node_name 有效（字段 doc_no 未报错）"
collection_doc_detail_data,collection.doc,,ACCEPTED_NO_TABLE,"node_name 有效（字段 doc_no 未报错）"
combination_order_data,combination.order,,NONE,"字段 remarks: Can not found service name:[yf.oapi.combination.order.data.q"
combination_order_detail_data,combination.order,,NONE,"字段 remarks: Can not found service name:[yf.oapi.combination.order.data.q"
customer_address_data,customer,,MA012,"节点未注册（MA012未定義）"
customer_basic_data_file_data,customer,COPMA,HIGH,"字段 doc_no → OAPMB中找不到資料表:[COPMA] 節點名:[doc_no]的欄位對照，也不是管理欄位。"
customer_item_data,customer.item,COPMG,HIGH,"字段 doc_no → OAPMB中找不到資料表:[COPMG] 節點名:[doc_no]的欄位對照，也不是管理欄位。"
destroy_order_data,destroy.order,,ACCEPTED_NO_TABLE,"node_name 有效（字段 doc_no 未报错）"
destroy_order_detail_data,destroy.order,,ACCEPTED_NO_TABLE,"node_name 有效（字段 doc_no 未报错）"
ebom_data,ebom,,NONE,"字段 remarks: Can not found service name:[yf.oapi.ebom.data.query.get] in "
ebom_detail_data,ebom,,NONE,"字段 remarks: Can not found service name:[yf.oapi.ebom.data.query.get] in "
ebom_change_data,ebom.change,,NONE,"字段 remarks: Can not found service name:[yf.oapi.ebom.change.data.query.g"
ebom_change_detail_data,ebom.change,,NONE,"字段 remarks: Can not found service name:[yf.oapi.ebom.change.data.query.g"
ebom_change_sub_data,ebom.change,,NONE,"字段 remarks: Can not found service name:[yf.oapi.ebom.change.data.query.g"
ecn_component_data,ecn,,MA012,"节点未注册（MA012未定義）"
ecn_data,ecn,,ACCEPTED_NO_TABLE,"node_name 有效（字段 doc_no 未报错）"
ecn_master_data,ecn,,ACCEPTED_NO_TABLE,"node_name 有效（字段 doc_no 未报错）"
engineering_items_header_data,engineering.item,BOMMI,HIGH,"字段 doc_no → OAPMB中找不到資料表:[BOMMI] 節點名:[doc_no]的欄位對照，也不是管理欄位。"
expense_invoice_data,expense.invoice,,ACCEPTED_NO_TABLE,"node_name 有效（字段 doc_no 未报错）"
expense_invoice_detail_data,expense.invoice,,MA012,"节点未注册（MA012未定義）"
expense_invoice_subhead_data,expense.invoice,,MA012,"节点未注册（MA012未定義）"
inquiry_data,inquiry,,ACCEPTED_NO_TABLE,"node_name 有效（字段 doc_no 未报错）"
inquiry_detail_data,inquiry,,MA012,"节点未注册（MA012未定義）"
inquiry_sub_detail_data,inquiry,,MA012,"节点未注册（MA012未定義）"
inventory_transaction_data,inventory.transaction,,ACCEPTED_NO_TABLE,"node_name 有效（字段 doc_no 未报错）"
inventory_transaction_detail_data,inventory.transaction,,ACCEPTED_NO_TABLE,"node_name 有效（字段 doc_no 未报错）"
inventory_transaction_serial_data,inventory.transaction,,MA012,"节点未注册（MA012未定義）"
item_basic_data,item,INVMB,HIGH,"字段 doc_no → OAPMB中找不到資料表:[INVMB] 節點名:[doc_no]的欄位對照，也不是管理欄位。"
item_conversion_unit_data,item,,MA012,"节点未注册（MA012未定義）"
item_warehouse_data,item,INVMB,HIGH,"字段 doc_no → OAPMB中找不到資料表:[INVMB] 節點名:[doc_no]的欄位對照，也不是管理欄位。"
item_classification_data,item.classification,INVMA,HIGH,"字段 doc_no → OAPMB中找不到資料表:[INVMA] 節點名:[doc_no]的欄位對照，也不是管理欄位。"
customer_products_pricing_detail_data,item.customer.price,COPMB,HIGH,"字段 doc_no → OAPMB中找不到資料表:[COPMB] 節點名:[doc_no]的欄位對照，也不是管理欄位。"
customer_products_pricing_header_data,item.customer.price,COPMB,HIGH,"字段 doc_no → OAPMB中找不到資料表:[COPMB] 節點名:[doc_no]的欄位對照，也不是管理欄位。"
detail_note_of_item_factory_data,item.supplier.price,PURMB,HIGH,"字段 doc_no → OAPMB中找不到資料表:[PURMB] 節點名:[doc_no]的欄位對照，也不是管理欄位。"
header_of_item_vendor_data,item.supplier.price,PURMB,HIGH,"字段 doc_no → OAPMB中找不到資料表:[PURMB] 節點名:[doc_no]的欄位對照，也不是管理欄位。"
transfer_doc_data,op.stockin,,MA012,"节点未注册（MA012未定義）"
transfer_doc_detail_data,op.stockin,,MA012,"节点未注册（MA012未定義）"
transfer_doc_sub_detai_data,op.stockin,,MA012,"节点未注册（MA012未定義）"
operation_no_data,operation,CMSMW,HIGH,"字段 doc_no → OAPMB中找不到資料表:[CMSMW] 節點名:[doc_no]的欄位對照，也不是管理欄位。"
other_payable_doc_data,other.payable.doc,,ACCEPTED_NO_TABLE,"node_name 有效（字段 doc_no 未报错）"
other_payable_doc_detail_data,other.payable.doc,,MA012,"节点未注册（MA012未定義）"
other_receivable_data,other.receivable,,ACCEPTED_NO_TABLE,"node_name 有效（字段 doc_no 未报错）"
other_receivable_detail_data,other.receivable,,ACCEPTED_NO_TABLE,"node_name 有效（字段 doc_no 未报错）"
outsourcing_approve_price_data,outsourcing.approve.price,,ACCEPTED_NO_TABLE,"node_name 有效（字段 doc_no 未报错）"
outsourcing_approve_price_detail_data,outsourcing.approve.price,,ACCEPTED_NO_TABLE,"node_name 有效（字段 doc_no 未报错）"
outsourcing_approve_price_sub_data,outsourcing.approve.price,,MA012,"节点未注册（MA012未定義）"
outsourcing_price_data,outsourcing.price,MOCMA,HIGH,"字段 doc_no → OAPMB中找不到資料表:[MOCMA] 節點名:[doc_no]的欄位對照，也不是管理欄位。"
outsourcing_price_detail_data,outsourcing.price,,MA012,"节点未注册（MA012未定義）"
outsourcing_purchase_acceptance_data,outsourcing.purchase.acceptance,,ACCEPTED_NO_TABLE,"node_name 有效（字段 doc_no 未报错）"
outsourcing_purchase_arrival_acceptance_data,outsourcing.purchase.acceptance,,MA012,"节点未注册（MA012未定義）"
outsourcing_purchase_arrival_data,outsourcing.purchase.arrival,,ACCEPTED_NO_TABLE,"node_name 有效（字段 doc_no 未报错）"
outsourcing_purchase_arrival_detail_data,outsourcing.purchase.arrival,,ACCEPTED_NO_TABLE,"node_name 有效（字段 doc_no 未报错）"
outsourcing_purchase_inspection_return_data,outsourcing.purchase.inspection.return,,ACCEPTED_NO_TABLE,"node_name 有效（字段 doc_no 未报错）"
outsourcing_purchase_receipt_data,outsourcing.purchase.receipt,,ACCEPTED_NO_TABLE,"node_name 有效（字段 doc_no 未报错）"
outsourcing_purchase_receipt_detail_data,outsourcing.purchase.receipt,,ACCEPTED_NO_TABLE,"node_name 有效（字段 doc_no 未报错）"
outsourcing_purchase_return_data,outsourcing.purchase.return,,ACCEPTED_NO_TABLE,"node_name 有效（字段 doc_no 未报错）"
outsourcing_purchase_return_detail_data,outsourcing.purchase.return,,ACCEPTED_NO_TABLE,"node_name 有效（字段 doc_no 未报错）"
payable_doc_data,payable.doc,,ACCEPTED_NO_TABLE,"node_name 有效（字段 doc_no 未报错）"
payable_doc_detail_data,payable.doc,,ACCEPTED_NO_TABLE,"node_name 有效（字段 doc_no 未报错）"
picking_receipt_data,picking.receipt,,ACCEPTED_NO_TABLE,"node_name 有效（字段 doc_no 未报错）"
picking_receipt_detail_data,picking.receipt,,MA012,"节点未注册（MA012未定義）"
picking_receipt_mo_data,picking.receipt,,MA012,"节点未注册（MA012未定義）"
picking_return_data,picking.return,,MA012,"节点未注册（MA012未定義）"
picking_return_detail_data,picking.return,,MA012,"节点未注册（MA012未定義）"
picking_return_mo_data,picking.return,,MA012,"节点未注册（MA012未定義）"
plant_data,plant,CMSMB,HIGH,"字段 doc_no → OAPMB中找不到資料表:[CMSMB] 節點名:[doc_no]的欄位對照，也不是管理欄位。"
precollection_doc_data,precollection.doc,,ACCEPTED_NO_TABLE,"node_name 有效（字段 doc_no 未报错）"
prepayment_doc_data,prepayment.doc,,ACCEPTED_NO_TABLE,"node_name 有效（字段 doc_no 未报错）"
product_process_detail_data,product.process,,MA012,"节点未注册（MA012未定義）"
product_process_header_data,product.process,BOMME,HIGH,"字段 doc_no → OAPMB中找不到資料表:[BOMME] 節點名:[doc_no]的欄位對照，也不是管理欄位。"
standard_operation_procedure_data,product.process,,MA012,"节点未注册（MA012未定義）"
project_data,project,CMSNO,HIGH,"字段 doc_no → OAPMB中找不到資料表:[CMSNO] 節點名:[doc_no]的欄位對照，也不是管理欄位。"
purchase_arrival_data,purchase.arrival,,ACCEPTED_NO_TABLE,"node_name 有效（字段 doc_no 未报错）"
purchase_arrival_detail_data,purchase.arrival,,ACCEPTED_NO_TABLE,"node_name 有效（字段 doc_no 未报错）"
purchase_order_data,purchase.arrival,,MA012,"节点未注册（MA012未定義）"
purchase_order_detail_data,purchase.arrival,,MA012,"节点未注册（MA012未定義）"
purchase_arrival_acceptance_data,purchase.arrival.acceptance,,ACCEPTED_NO_TABLE,"node_name 有效（字段 doc_no 未报错）"
purchase_change_data,purchase.change,,ACCEPTED_NO_TABLE,"node_name 有效（字段 doc_no 未报错）"
purchase_change_detail_data,purchase.change,,ACCEPTED_NO_TABLE,"node_name 有效（字段 doc_no 未报错）"
purchase_inspection_return_data,purchase.inspection.return,,MA012,"节点未注册（MA012未定義）"
purchase_invoice_data,purchase.invoice,,ACCEPTED_NO_TABLE,"node_name 有效（字段 doc_no 未报错）"
purchase_invoice_detail_data,purchase.invoice,,ACCEPTED_NO_TABLE,"node_name 有效（字段 doc_no 未报错）"
purchase_receipt_data,purchase.receipt,,ACCEPTED_NO_TABLE,"node_name 有效（字段 doc_no 未报错）"
purchase_receipt_detail_data,purchase.receipt,,ACCEPTED_NO_TABLE,"node_name 有效（字段 doc_no 未报错）"
purchase_receipt_acceptance_data,purchase.receipt.acceptance,,ACCEPTED_NO_TABLE,"node_name 有效（字段 doc_no 未报错）"
purchase_requisitions_data,purchase.requisitions,,ACCEPTED_NO_TABLE,"node_name 有效（字段 doc_no 未报错）"
purchase_requisitions_detail_data,purchase.requisitions,,ACCEPTED_NO_TABLE,"node_name 有效（字段 doc_no 未报错）"
purchase_return_data,purchase.return,,ACCEPTED_NO_TABLE,"node_name 有效（字段 doc_no 未报错）"
purchase_return_detail_data,purchase.return,,ACCEPTED_NO_TABLE,"node_name 有效（字段 doc_no 未报错）"
purchase_return_serial_data,purchase.return,,MA012,"节点未注册（MA012未定義）"
quotation_data,quotation,,ACCEPTED_NO_TABLE,"node_name 有效（字段 doc_no 未报错）"
quotation_detail_data,quotation,,ACCEPTED_NO_TABLE,"node_name 有效（字段 doc_no 未报错）"
quotation_sub_detai_data,quotation,,MA012,"节点未注册（MA012未定義）"
receive_payment_term_data,receive.payment.term,CMSNA,HIGH,"字段 doc_no → OAPMB中找不到資料表:[CMSNA] 節點名:[doc_no]的欄位對照，也不是管理欄位。"
replace_substitute_items_detail_data,replace.substitute.item,BOMMA,HIGH,"字段 doc_no → OAPMB中找不到資料表:[BOMMA] 節點名:[doc_no]的欄位對照，也不是管理欄位。"
replace_substitute_items_header_data,replace.substitute.item,BOMMA,HIGH,"字段 doc_no → OAPMB中找不到資料表:[BOMMA] 節點名:[doc_no]的欄位對照，也不是管理欄位。"
sales_forecast_data,sales.forecast,COPME,HIGH,"字段 doc_no → OAPMB中找不到資料表:[COPME] 節點名:[doc_no]的欄位對照，也不是管理欄位。"
sales_forecast_detail_data,sales.forecast,COPME,HIGH,"字段 doc_no → OAPMB中找不到資料表:[COPME] 節點名:[doc_no]的欄位對照，也不是管理欄位。"
sales_invoice_data,sales.invoice,,ACCEPTED_NO_TABLE,"node_name 有效（字段 doc_no 未报错）"
sales_invoice_detail_data,sales.invoice,,ACCEPTED_NO_TABLE,"node_name 有效（字段 doc_no 未报错）"
sales_order_data,sales.order,,ACCEPTED_NO_TABLE,"node_name 有效（字段 doc_no 未报错）"
sales_order_detail_data,sales.order,,ACCEPTED_NO_TABLE,"node_name 有效（字段 doc_no 未报错）"
sales_return_data,sales.return,COPTI,HIGH,"字段 item_no → OAPMB中找不到資料表:[COPTI] 節點名:[item_no]的欄位對照，也不是管理欄位。"
sales_return_detail_data,sales.return,,NONE,"字段 remarks: 列名 'TJ001' 不明确。"
scrap_order_data,scrap.order,,ACCEPTED_NO_TABLE,"node_name 有效（字段 doc_no 未报错）"
scrap_order_detail_data,scrap.order,,ACCEPTED_NO_TABLE,"node_name 有效（字段 doc_no 未报错）"
shipping_notice_data,shipping.notice,,ACCEPTED_NO_TABLE,"node_name 有效（字段 doc_no 未报错）"
shipping_notice_detail_data,shipping.notice,,ACCEPTED_NO_TABLE,"node_name 有效（字段 doc_no 未报错）"
shipping_order_data,shipping.order,,ACCEPTED_NO_TABLE,"node_name 有效（字段 doc_no 未报错）"
shipping_order_detail_data,shipping.order,,ACCEPTED_NO_TABLE,"node_name 有效（字段 doc_no 未报错）"
split_order_data,split.order,,NONE,"字段 remarks: Can not found service name:[yf.oapi.split.order.data.query.g"
split_order_detail_data,split.order,,NONE,"字段 remarks: Can not found service name:[yf.oapi.split.order.data.query.g"
supplier_basic_data,supplier,PURMA,HIGH,"字段 doc_no → OAPMB中找不到資料表:[PURMA] 節點名:[doc_no]的欄位對照，也不是管理欄位。"
detail_note_of_team_personnel_data,team.personnel,,MA012,"节点未注册（MA012未定義）"
header_of_team_personnel_data,team.personnel,PALNO,HIGH,"字段 doc_no → OAPMB中找不到資料表:[PALNO] 節點名:[doc_no]的欄位對照，也不是管理欄位。"
transfer_data,transfer,,ACCEPTED_NO_TABLE,"node_name 有效（字段 doc_no 未报错）"
transfer_detail_data,transfer,,ACCEPTED_NO_TABLE,"node_name 有效（字段 doc_no 未报错）"
unit_data,unit,INVMQ,HIGH,"字段 doc_no → OAPMB中找不到資料表:[INVMQ] 節點名:[doc_no]的欄位對照，也不是管理欄位。"
warehouse_data,warehouse,CMSMC,HIGH,"字段 doc_no → OAPMB中找不到資料表:[CMSMC] 節點名:[doc_no]的欄位對照，也不是管理欄位。"
warehouse_location_data,warehouse,CMSMC,HIGH,"字段 doc_no → OAPMB中找不到資料表:[CMSMC] 節點名:[doc_no]的欄位對照，也不是管理欄位。"
wo_data,wo,MOCTA,HIGH,"字段 item_no → OAPMB中找不到資料表:[MOCTA] 節點名:[item_no]的欄位對照，也不是管理欄位。"
wo_detail_data,wo,MOCTA,HIGH,"字段 item_no → OAPMB中找不到資料表:[MOCTA] 節點名:[item_no]的欄位對照，也不是管理欄位。"
wo_change_data,wo.change,MOCTO,HIGH,"字段 doc_no → OAPMB中找不到資料表:[MOCTO] 節點名:[doc_no]的欄位對照，也不是管理欄位。"
wo_change_detail_data,wo.change,,MA012,"节点未注册（MA012未定義）"
wo_routing_detail_data,wo.routing,SFCTA,HIGH,"字段 doc_no → OAPMB中找不到資料表:[SFCTA] 節點名:[doc_no]的欄位對照，也不是管理欄位。"
wo_routing_sub_detail_data,wo.routing,,MA012,"节点未注册（MA012未定義）"
work_report_data,work.report,,ACCEPTED_NO_TABLE,"node_name 有效（字段 doc_no 未报错）"
work_report_detail_data,work.report,,MA012,"节点未注册（MA012未定義）"
work_report_sub_detai_data,work.report,,MA012,"节点未注册（MA012未定義）"
work_report_team_data,work.report,,MA012,"节点未注册（MA012未定義）"
workstation_head_data,workstation,CMSMD,HIGH,"字段 doc_no → OAPMB中找不到資料表:[CMSMD] 節點名:[doc_no]的欄位對照，也不是管理欄位。"
