doc_code,index_name,index_fields
ACMTI,INDEX01,"TI004"
ACMTI,INDEX02,"TI006+TI007"
ACMTI,INDEX03,"TI012+TI013"
ACMTK,INDEX01,"TK004"
ACMTK,INDEX02,"TK006+TK007"
ACMTL,INDEX01,"TL002"
ACMTM,INDEX01,"TM002"
ACMTM,INDEX02,"TM004"
ACMTM,INDEX01,"TN002"
ACMTM,INDEX02,"TN004+TN005"
ACMTO,INDEX01,"TO002"
ACMTO,INDEX02,"TO004+TO005"
ACMTO,INDEX03,"TO006"
ACMTP,INDEX01,"TP004"
ACMTQ,INDEX01,"TQ004"
ACMTQ,INDEX02,"TQ006+TQ007"
ACPTA,INDEX01,"TA003+TA001+TA002"
ACPTA,INDEX02,"TA004+TA003"
ACPTB,INDEX01,"TB005+TB006"
ACPTI,INDEX01,"TI003+TI001+TI002"
ACPTI,INDEX02,"TI004+TI003"
ACPTJ,INDEX01,"TJ005+TJ006"
ACPTK,INDEX01,"TK003+TK001+TK002"
ACPTK,INDEX02,"TK043+TK004+TK003"
ACPTK,INDEX03,"TK017+TK018"
ACPTL,INDEX01,"TL005+TL006+TL007"
ACPTL,INDEX02,"TL015"
ACPTM,INDEX01,"TM003+TM001+TM002"
ACPTM,INDEX02,"TM004+TM001"
ACPTP,INDEX01,"TP003+TP001+TP002"
ACPTP,INDEX02,"TP004+TP001"
ACPLB,INDEX01,"LB027+LB005+LB020+LB001"
ACPLB,INDEX02,"LB027+LB005+LB009+LB010"
ACPLC,INDEX01,"LC036+LC006+LC003+LC004+LC005"
ACPLC,INDEX02,"LC036+LC006+LC007"
ACPLC,INDEX03,"LC030+LC002"
ACRTA,INDEX01,"TA003+TA001+TA002"
ACRTA,INDEX02,"TA004+TA003"
ACRTA,INDEX03,"TA015"
ACRTA,INDEX04,"TA020+TA001+TA002"
ACRTB,INDEX01,"TB005+TB006"
ACRTI,INDEX01,"TI003+TI001+TI002"
ACRTI,INDEX02,"TI004+TI003"
ACRTJ,INDEX01,"TJ005+TJ006"
ACRTK,INDEX01,"TK003+TK001+TK002"
ACRTK,INDEX02,"TK004+TK003"
ACRTK,INDEX03,"TK017+TK018"
ACRTL,INDEX01,"TL005+TL006+TL007"
ACRTL,INDEX02,"TL015"
ACRTM,INDEX01,"TM003+TM001+TM002"
ACRTN,INDEX01,"TN009+TN003+TN004+TN001+TN002"
ACRLB,INDEX01,"LB005+LB020+LB001"
ACRLB,INDEX02,"LB005+LB009+LB010"
ACRLC,INDEX01,"LC006+LC003+LC004+LC005"
ACRLC,INDEX02,"LC006+LC007"
ACRLC,INDEX03,"LC030+LC002"
ACRIA,INDEX01,"IA004+IA005+IA006"
ACRIB,INDEX01,"IB005+IB004+IB001"
ACRIB,INDEX02,"IB005+IB009+IB010"
ACRIC,INDEX01,"IC006+IC003+IC004+IC005"
ACRIC,INDEX02,"IC006+IC007"
ACRIC,INDEX03,"IC012+IC002"
ACRID,INDEX01,"ID004+ID005+ID006"
ACRIE,INDEX01,"IE004+IE005+IE006"
ACTMA,INDEX01,"MA002"
ACTMA,INDEX02,"MA025"
ACTMH,INDEX01,"MH004"
ACTMK,INDEX01,"MK004+MK001+MK002+MK003"
ACTTA,INDEX01,"TA003"
ACTTH,INDEX01,"TH003"
AJSTA,INDEX01,"TA001+TA015"
AJSTB,INDEX01,"TB013+TB014"
AJSLA,INDEX01,"LA003+LA004+LA006"
AJSLB,INDEX01,"LB003+LB004+LB005"
AJSLC,INDEX01,"LC003+LC004+LC005"
ALSME,INDEX01,"ME002"
ALSMF,INDEX01,"MF002"
ALSTA,INDEX01,"TA004+TA005"
PDATA,INDEX01,"TA003+TA001+TA002"
PDATC,INDEX01,"TC003+TC001+TC002"
PDATD,INDEX01,"TD003+TD004"
PDATE,INDEX01,"TE019+TE004"
PDATE,INDEX02,"TE012+TE011"
MOCTE,INDEX01,"TE019+TE004"
MOCTE,INDEX02,"TE012+TE011"
AMSMF,INDEX01,"MF003+MF001+MF002"
ASTTC,INDEX01,"TC014+TC003"
ASTTI,INDEX01,"TI003+TI001+TI002"
ASTTJ,INDEX01,"TJ017"
ASTTJ,INDEX02,"TJ004+TJ022"
ASTTM,INDEX01,"TM003+TM001+TM002"
ASTTN,INDEX01,"TN016+TN017+TN018"
ASTTO,INDEX01,"TO003+TO001+TO002"
ASTTO,INDEX02,"TO005+TO003"
ASTTP,INDEX01,"TP012+TP001+TP002"
ASTTP,INDEX02,"TP005+TP012"
ASTTP,INDEX03,"TP009+TP010+TP011"
COPMA,INDEX01,"MA002"
COPMA,INDEX02,"MA102"
COPTG,INDEX01,"TG003+TG001+TG002"
COPTG,INDEX02,"TG004+TG003"
COPTH,INDEX01,"TH014+TH015+TH016"
BMSME,INDEX02,"ME007"
MOCTE,INDEX01,"TE019+TE004"
MOCTE,INDEX02,"TE012+TE011"
COPTH,INDEX01,"TH014+TH015+TH016"
COPTH,INDEX02,"TH045+TH046+TH047"
BMSMG,INDEX01,"MG001"
BMSMG,INDEX02,"MG001+MG002"
BMSMH,INDEX01,"MH001"
BMSMH,INDEX02,"MH001+MH002"
BMSTA,INDEX01,"TA001+TA002"
BMSTA,INDEX02,"TA001+TA002+TA003"
BOMMD,INDEX01,"MD003+MD001"
BOMMK,INDEX01,"MK003+MK001"
BOMTA,INDEX01,"TA003+TA001+TA002"
BOMTB,INDEX01,"TB004+TB007"
BOMTD,INDEX01,"TD003+TD001+TD002"
BOMTF,INDEX01,"TF003+TF001+TF002"
BOMTI,INDEX01,"TI003+TI001+TI002"
BOMTJ,INDEX01,"TJ004+TJ007"
BOMCB,INDEX01,"CB005+CB001+CB002+CB003"
CMSMV,INDEX01,"MV002"
CMSMV,INDEX02,"MV004+MV001"
CMSMX,INDEX01,"MX002+MX001"
CMSMZ,INDEX01,"MZ001+MZ002+MZ003"
COPMA,INDEX01,"MA002"
COPMA,INDEX02,"MA102"
COPMF,INDEX01,"MF003+MF006"
COPMI,INDEX01,"MI001+MI002+MI003+MI004"
COPTA,INDEX01,"TA003+TA001+TA002"
COPTA,INDEX02,"TA004+TA001"
COPTC,INDEX01,"TC003+TC001+TC002"
COPTC,INDEX02,"TC004+TC001"
COPTD,INDEX01,"TD004+TD013"
COPTE,INDEX01,"TE004+TE001+TE002"
COPTG,INDEX01,"TG003+TG001+TG002"
COPTG,INDEX02,"TG004+TG003"
COPTH,INDEX01,"TH014+TH015+TH016"
COPTH,INDEX02,"TH045+TH046+TH047"
COPTI,INDEX01,"TI003+TI001+TI002"
COPTI,INDEX02,"TI004+TI003"
COPTJ,INDEX01,"TJ018+TJ019+TJ020"
COPTM,INDEX01,"TM001+TM002+TM003+TM004"
COPTN,INDEX01,"TN003+TN001+TN002"
COPTP,INDEX01,"TP001+TP002+TP003+TP004+TP005"
COPAA,INDEX01,"AA010+AA003"
COPAB,INDEX01,"AB004+AB001+AB002"
COPAC,INDEX01,"AC004+AC001+AC002"
COPEB,INDEX01,"EB001"
COPEC,INDEX01,"EC001"
COPED,INDEX01,"ED001"
COPEE,INDEX01,"EE001"
COPEF,INDEX01,"EF001+EF005"
COPEG,INDEX01,"EG001+EG002+EG003"
COPEH,INDEX01,"EH001+EH002+EH003+EH004"
COPEI,INDEX01,"EI001+EI002+EI003"
COPEJ,INDEX01,"EJ001"
COPEK,INDEX01,"EK001+EK002"
COPEL,INDEX01,"EL001+EL002+EL003"
COPEM,INDEX01,"EM001"
COPEN,INDEX01,"EN001+EN002+EN003"
COPEO,INDEX01,"EO001+EO002+EO003+EO004+EO005"
COPEP,INDEX01,"EP001+EP002+EP003+EP004+EP005+EP006"
COPEQ,INDEX01,"EQ001+EQ002+EQ003+EQ004"
COPER,INDEX01,"ER001+ER002+ER003"
COPIA,INDEX01,"IA003+IA001+IA002"
COPIA,INDEX02,"IA005+IA004"
COPIC,INDEX01,"IC004+IC001+IC002+IC003"
COPIC,INDEX02,"IC005+IC004"
CUSMB,INDEX01,"MB002"
CUSMC,INDEX01,"MC002"
CUSTA,INDEX01,"TA004"
CUSTB,INDEX01,"TB001+TB003"
CUSTC,INDEX01,"TC001+TC003"
CUSTJ,INDEX01,"TJ001+TJ002"
CUSTK,INDEX01,"TK001+TK003"
CUSTL,INDEX01,"TL001+TL003"
CUSTO,INDEX01,"TO002+TO001"
CUSTR,INDEX01,"TR002+TR001"
CUSTU,INDEX01,"TU002+TU001"
CUSTW,INDEX01,"TW002+TW001"
LRPTE,INDEX01,"TE002+TE007"
EISLB,INDEX01,"LB005"
EISLB,INDEX02,"LB006"
EISLB,INDEX03,"LB007"
EISLC,INDEX01,"LC005"
EISLC,INDEX02,"LC006"
EISLC,INDEX03,"LC007"
EISLD,INDEX01,"LD005"
EISLD,INDEX02,"LD006"
EISLD,INDEX03,"LD007"
EISLD,INDEX04,"LD008"
EISLE,INDEX01,"LE005"
EISLE,INDEX02,"LE006"
EISLE,INDEX03,"LE007"
EISLE,INDEX04,"LE008"
EISLE,INDEX05,"LE009"
EISLF,INDEX01,"LF001"
EISLG,INDEX01,"LG005"
EISLH,INDEX01,"LH005"
EISLH,INDEX02,"LH006"
EISLH,INDEX03,"LH007"
EISLH,INDEX04,"LH008"
EISLI,INDEX01,"LI001"
EISLI,INDEX02,"LI002"
EISLI,INDEX03,"LI003"
EISLJ,INDEX01,"LJ002"
EQTTS,INDEX01,"TS003+TS001+TS002"
EQTTT,INDEX01,"TT004"
EQTTU,INDEX01,"TU003+TU001+TU002"
EQTTV,INDEX01,"TV004"
LRPTA,INDEX01,"TA002+TA003"
LRPTB,INDEX01,"TB005+TB015"
LRPTC,INDEX01,"TC002+TC003"
MOCCA,INDEX01,"CA003+CA005"
MOCCA,INDEX02,"CA005"
MOCCA,INDEX03,"CA006"
MOCTA,INDEX01,"TA006+TA010"
MOCTA,INDEX02,"TA026+TA027+TA028"
MOCTA,INDEX03,"TA024+TA025"
MOCTB,INDEX01,"TB003+TB015"
MOCTC,INDEX01,"TC003+TC001+TC002"
MOCTD,INDEX01,"TD003+TD004"
MOCTE,INDEX01,"TE019+TE004"
MOCTE,INDEX02,"TE012+TE011"
MOCTG,INDEX01,"TG014+TG015"
MOCCB,INDEX01,"CB004+CB005"
MOCCB,INDEX02,"CB006"
MOCCB,INDEX03,"CB007"
PURTB,INDEX01,"TB022"
PURTB,INDEX02,"TB004+TB019"
PURTD,INDEX01,"TD004+TD012"
PURTD,INDEX02,"TD013+TD021+TD004"
PURTH,INDEX01,"TH014+TH001+TH002"
PURTH,INDEX02,"TH004+TH014"
PURTH,INDEX03,"TH011+TH012+TH013"
PURCC,INDEX01,"CC003+CC001+CC002"
PURCC,INDEX02,"CC005+CC003"
PURCC,INDEX03,"CC009+CC001+CC002"
PURCD,INDEX01,"CD010+CD011+CD012"
PURCE,INDEX01,"CE004+CE005"
PURCF,INDEX01,"CF004+CF005"
BOMMD,INDEX01,"MD003+MD001"
BOMMK,INDEX01,"MK003+MK001"
BOMCB,INDEX01,"CB005+CB001+CB002+CB003"
COPCA,INDEX01,"CA004+CA005"
COPCA,INDEX02,"CA006"
COPCA,INDEX03,"CA007"
COPCB,INDEX01,"CB004+CB005"
COPCC,INDEX01,"CC004+CC005"
COPCD,INDEX01,"CD005+CD006"
COPCD,INDEX02,"CD007"
COPCD,INDEX03,"CD008"
QMSTA,INDEX01,"TA004+TA001+TA002+TA003+TAC04+TA026"
PSMCB,INDEX01,"CB001+CB002"
PSMCB,INDEX02,"CB007"
PSMCB,INDEX03,"CB008"
PSMCM,INDEX01,"CM003+CM001+CM002"
PSMCO,INDEX01,"CO006"
PSMCO,INDEX02,"CO007"
PSMCP,INDEX01,"CP003+CP001+CP002"
PSMCR,INDEX01,"CR006"
PSMCR,INDEX02,"CR007"
INVMB,INDEX01,"MB026"
INVMB,INDEX02,"MB025"
INVMB,INDEX03,"MB002"
INVMB,INDEX04,"MB110"
INVCA,INDEX01,"CA006"
INVCA,INDEX02,"CA007"
INVCB,INDEX01,"CB004+CB005"
INVCC,INDEX01,"CC004+CC005"
INVCD,INDEX01,"CD004+CD005"
INVCE,INDEX01,"CE004+CE005"
PURTJ,INDEX01,"TJ016+TJ017+TJ018"
MOCTI,INDEX01,"TI037+TI018+TI001+TI002"
MOCTI,INDEX02,"TI004+TI018"
MOCTI,INDEX03,"TI013+TI014"
MOCTL,INDEX01,"TL015+TL016"
MOCCC,INDEX01,"CC003+CC001+CC002"
MOCCC,INDEX02,"CC005+CC003"
MOCCC,INDEX03,"CC009+CC001+CC002"
MOCCD,INDEX01,"CD009+CD010"
MOCCE,INDEX01,"CE004+CE005"
MOCCF,INDEX01,"CF004+CF005"
MOCCG//20091221,INDEX01,"CG003+CG005"
MOCCG//20091221,INDEX02,"CG005"
MOCCG//20091221,INDEX03,"CG006"
GMPTH,INDEX01,"TH001+TH002"
QMSTD//20091028,INDEX01,"TD004+TD001+TD002+TD003+TD026"
EPSTA,INDEX01,"TA003+TA001+TA002"
EPSTB,INDEX01,"TB021+TB022+TB023"
EPSTD,INDEX01,"TD004+TD001+TD002"
EPSTF,INDEX01,"TF003+TF001"
EPSTH,INDEX01,"TH003+TH001+TH002"
GMPTA,INDEX01,"TA003+TA001+TA002"
GMPTB,INDEX01,"TB001+TB002+TB021"
GMPTC,INDEX01,"TC001+TC002+TC003+TC004"
GMPTD,INDEX01,"TD001+TD002"
GMPTE,INDEX01,"TE001+TE002+TE003+TE004"
GMPTH,INDEX01,"TH001+TH002"
GMPTI,INDEX01,"TI001+TI002+TI003"
GMPTL,INDEX01,"TL001+TL002+TL003"
HRSTA,INDEX01,"TA002"
HRSTH,INDEX01,"TH004+TH005+TH003"
INVMB,INDEX01,"MB026"
INVMB,INDEX02,"MB025"
INVMB,INDEX03,"MB002"
INVMB,INDEX04,"MB110"
INVME,INDEX01,"ME001+ME003"
INVMH,INDEX01,"MH002+MH001"
INVTA,INDEX01,"TA003+TA001+TA002"
INVTF,INDEX01,"TF003+TF001+TF002"
INVTH,INDEX01,"TH003+TH001+TH002"
INVTJ,INDEX01,"TJ003+TJ001+TJ002"
INVLA,INDEX01,"LA001+LA009+LA004"
INVLD,INDEX01,"LD006+LD005+LD007+LD004"
INVLF,INDEX1,"LF007"
INVLG,INDEX1,"LG011"
INVLH,INDEX01,"LH006"
INVLH,INDEX02,"LH009"
INVLI,INDEX01,"LI006"
INVLI,INDEX02,"LI009"
INVLM,INDEX1,"LM001+LM006"
IPSTA,INDEX01,"TA008+TA001+TA002"
IPSTC,INDEX01,"TC004+TC001+TC002"
IPSTE,INDEX01,"TE002"
IPSTG,INDEX01,"TG003+TG001+TG002"
IPSTI,INDEX01,"TI004+TI005+TI006"
ACRIA,INDEX01,"IA004+IA005+IA006"
ACRIB,INDEX01,"IB005+IB004+IB001"
ACRIB,INDEX02,"IB005+IB009+IB010"
ACRIC,INDEX01,"IC006+IC003+IC004+IC005"
ACRIC,INDEX02,"IC006+IC007"
ACRIC,INDEX03,"IC012+IC002"
ACRID,INDEX01,"ID004+ID005+ID006"
ACRIE,INDEX01,"IE004+IE005+IE006"
COPIA,INDEX01,"IA003+IA001+IA002"
COPIA,INDEX02,"IA005+IA004"
COPAA,INDEX01,"AA010+AA003"
COPAB,INDEX01,"AB004+AB001+AB002"
COPAC,INDEX01,"AC004+AC001+AC002"
COPIC,INDEX01,"IC004+IC001+IC002+IC003"
COPIC,INDEX02,"IC005+IC004"
COPTC,INDEX01,"TC003+TC001+TC002"
COPTC,INDEX02,"TC004+TC001"
COPTD,INDEX01,"TD004+TD013"
COPTE,INDEX01,"TE004+TE001+TE002"
ACRTA,INDEX01,"TA003+TA001+TA002"
ACRTA,INDEX02,"TA004+TA003"
ACRTA,INDEX03,"TA015"
ACRTA,INDEX04,"TA020+TA001+TA002"
ACRTL,INDEX01,"TL005+TL006+TL007"
ACRTL,INDEX02,"TL015"
ACRTK,INDEX01,"TK003+TK001+TK002"
ACRTK,INDEX02,"TK004+TK003"
ACRTK,INDEX03,"TK017+TK018"
ACRTN,INDEX01,"TN009+TN003+TN004+TN001+TN002"
ITMTA,INDEX01,"TA001"
ITMTB,INDEX01,"TB001+TB002"
ITMTC,INDEX01,"TC001+TC002"
ITMTD,INDEX01,"TD001"
ITMTE,INDEX01,"TE001+TE002"
ITMTF,INDEX01,"TF001+TF002+TF003+TF004"
ITMTG,INDEX01,"TG001+TG002+TG003+TG004"
ITMTH,INDEX01,"TH001+TH002+TH003"
ITMTI,INDEX01,"TI001+TI002+TI003"
ITMTJ,INDEX01,"TJ001+TJ002"
LRPTA,INDEX01,"TA002+TA003"
LRPTB,INDEX01,"TB005+TB015"
LRPTC,INDEX01,"TC002+TC003"
LRPTE,INDEX01,"TE002+TE007"
MOCTA,INDEX01,"TA006+TA010"
MOCTA,INDEX02,"TA026+TA027+TA028"
MOCTA,INDEX03,"TA024+TA025"
MOCTB,INDEX01,"TB003+TB015"
MOCTC,INDEX01,"TC003+TC001+TC002"
MOCTD,INDEX01,"TD003+TD004"
MOCTE,INDEX01,"TE019+TE004"
MOCTE,INDEX02,"TE012+TE011"
MOCTF,INDEX01,"TF003+TF001+TF002"
MOCTG,INDEX01,"TG014+TG015"
MOCTH,INDEX01,"TH003+TH001+TH002"
MOCTH,INDEX02,"TH029+TH001+TH002"
MOCTI,INDEX01,"TI037+TI018+TI001+TI002"
MOCTI,INDEX02,"TI004+TI018"
MOCTI,INDEX03,"TI013+TI014"
MOCTK,INDEX01,"TK003+TK001+TK002"
MOCTL,INDEX01,"TL015+TL016"
MOCTM,INDEX01,"TM003+TM001+TM002"
MOCTM,INDEX02,"TM004+TM003"
MOCTR,INDEX01,"TR003+TR001+TR002"
MOCTT,INDEX01,"TT003+TT004"
MOCTU,INDEX01,"TU003+TU001+TU002"
MOCCC,INDEX01,"CC003+CC001+CC002"
MOCCC,INDEX02,"CC005+CC003"
MOCCC,INDEX03,"CC009+CC001+CC002"
MOCCD,INDEX01,"CD009+CD010"
MOCTW,INDEX01,"TW003+TW001+TW002"
MOCUB,INDEX01,"UB003+UB001+UB002"
MOCUC,INDEX01,"UC017+UC004"
MOCUC,INDEX02,"UC012+UC011"
CMSMV,INDEX01,"MV002"
CMSMV,INDEX02,"MV004+MV001"
MPSMC,INDEX01,"MC002"
MPSTB,INDEX01,"TB003+TB004+TB005"
MPSTC,INDEX01,"TC002+TC003+TC004"
MPSTF,INDEX01,"TF004+TF005"
MRPTA,INDEX01,"TA007+TA002"
MRPTB,INDEX01,"TB001+TB002+TB003"
MRPTC,INDEX01,"TC001+TC002+TC003+TC005"
MRPTC,INDEX02,"TC009+TC001+TC006+TC012"
SFCTC,INDEX01,"TC004+TC005"
SFCTC,INDEX02,"TC028+TC029+TC030"
COPTD,INDEX01,"TD004+TD013"
COPTH,INDEX01,"TH014+TH015+TH016"
COPTH,INDEX02,"TH045+TH046+TH047"
MOCTB,INDEX01,"TB003+TB015"
SFCTA,INDEX01,"TA008+TA006+TA001+TA002"
LRPTA,INDEX01,"TA002+TA003"
PURTC,INDEX01,"TC003+TC001+TC002"
INVMB,INDEX01,"MB026"
INVMB,INDEX02,"MB025"
INVMB,INDEX03,"MB002"
INVMB,INDEX04,"MB110"
NOTTA,INDEX01,"TA008+TA001+TA002"
NOTTA,INDEX02,"TA008+TA006+TA005"
NOTTB,INDEX01,"TB003"
NOTTC,INDEX01,"TC012+TC001+TC002"
NOTTC,INDEX02,"TC012+TC025+TC005"
NOTTD,INDEX01,"TD003+TD001+TD002"
NOTTE,INDEX01,"TE004+TE002"
NOTTF,INDEX01,"TF004+TF003"
NOTTH,INDEX01,"TH003+TH001+TH002"
NOTTJ,INDEX01,"TJ003+TJ001+TJ002"
NOTTK,INDEX01,"TK003+TK001+TK002"
NOTTL,INDEX01,"TL005"
NOTTM,INDEX01,"TM003+TM001+TM002"
OMSTO,INDEX01,"TO004+TO014"
OMSTP,INDEX01,"TP003+TP001+TP002"
OMSTP,INDEX02,"TP004+TP003"
OMSTQ,INDEX01,"TQ004+TQ014"
PALMX,INDEX01,"MX003+MX002"
PALTI,INDEX01,"TI004+TI001"
PALTZ,INDEX01,"TZ009+TZ005+TZ006+TZ007"
PALLB,INDEX01,"LB004+LB001"
PSMTA,INDEX01,"TA001+TA002+TA003+TA005"
PSMTA,INDEX02,"TA003"
PSMMA,INDEX01,"MA007"
PSMMA,INDEX02,"MA005"
PSMMA,INDEX03,"MA008"
PSMMB,INDEX01,"MB001+MB002+MB003"
PSMMB,INDEX02,"MB004"
PSMMC,INDEX01,"MC001+MC002+MC003"
PSMMC,INDEX02,"MC004"
PSMMD,INDEX01,"MD001+MD002+MD003"
PSMMD,INDEX02,"MD005"
PSMME,INDEX01,"ME001+ME002+ME003"
PSMME,INDEX02,"ME004"
PSMMJ,INDEX01,"MJ003"
PSMMK,INDEX01,"MK004"
PSMTG,INDEX01,"TG003+TG001+TG002"
PURMA,INDEX01,"MA002"
PURMA,INDEX02,"MA065"
PURTA,INDEX01,"TA003+TA001+TA002"
PURTB,INDEX01,"TB022"
PURTB,INDEX02,"TB004+TB019"
PURTC,INDEX01,"TC003+TC001+TC002"
PURTD,INDEX01,"TD004+TD012"
PURTD,INDEX02,"TD013+TD021+TD004"
PURTE,INDEX01,"TE004+TE001+TE002"
PURTG,INDEX01,"TG003+TG001+TG002"
PURTG,INDEX02,"TG005+TG003"
PURTG,INDEX03,"TG014+TG001+TG002"
PURTH,INDEX01,"TH014+TH001+TH002"
PURTH,INDEX02,"TH004+TH014"
PURTH,INDEX03,"TH011+TH012+TH013"
PURTI,INDEX01,"TI003+TI001+TI002"
PURTI,INDEX02,"TI004+TI003"
PURTJ,INDEX01,"TJ016+TJ017+TJ018"
PURTL,INDEX01,"TL003+TL001+TL002"
PURTL,INDEX02,"TL004+TL003"
PURTO,INDEX01,"TO003+TO001+TO002"
PURTO,INDEX02,"TO004+TO003"
PURCC,INDEX01,"CC003+CC001+CC002"
PURCC,INDEX02,"CC005+CC003"
PURCC,INDEX03,"CC009+CC001+CC002"
PURCD,INDEX01,"CD010+CD011+CD012"
QMSTA,INDEX01,"TA004+TA001+TA002+TA003+TAC04+TA026"
QMSTD,INDEX01,"TD004+TD001+TD002+TD003+TD026"
QMSTG,INDEX01,"TG004+TG001+TG002+TG003+TG026"
QMSTJ,INDEX01,"TJ004+TJ001+TJ002+TJ003+TJ026"
QMSTM,INDEX01,"TM004+TM001+TM002+TM003+TM026"
SASLA,INDEX01,"LA005"
SASLA,INDEX02,"LA006"
SASLA,INDEX03,"LA007"
SASLA,INDEX04,"LA008"
CMSMO,INDEX01,"MO006"
ADMMR,INDEX01,"MR001+MR004+MR005"
WORKLOG,INDEX01,"IDCODE+STATION"
ADMTC,INDEX01,"TC004+TC005"
ADMTD,INDEX01,"TD004+TD001"
ADMTE,INDEX01,"TE003+TE011"
ADMTE,INDEX02,"TE003+TE005+TE009"
SFCTA,INDEX01,"TA008+TA006+TA001+TA002"
SFCTB,INDEX01,"TB003+TB001+TB002"
SFCTB,INDEX02,"TB005+TB003"
SFCTC,INDEX01,"TC004+TC005"
SFCTC,INDEX02,"TC028+TC029+TC030"
SFCTD,INDEX01,"TD003+TD001+TD002"
SFCTE,INDEX01,"TE006+TE007"
SFCTE,INDEX02,"TE005+TE001+TE002"
TYSTA,INDEX01,"TA003+TA001+TA002"
TYSTC,INDEX01,"TC003+TC001+TC002"
COPTH,INDEX01,"TH014+TH015+TH016"
COPTH,INDEX02,"TH045+TH046+TH047"
COPTJ,INDEX01,"TJ018+TJ019+TJ020"
COPMF,INDEX01,"MF003+MF006"
SFCTA,INDEX01,"TA008+TA006+TA001+TA002"
CMSMV,INDEX01,"MV002"
CMSMV,INDEX02,"MV004+MV001"
SFCTB,INDEX01,"TB003+TB001+TB002"
SFCTB,INDEX02,"TB005+TB003"
SFCTE,INDEX01,"TE006+TE007"
SFCTE,INDEX02,"TE005+TE001+TE002"
SFCTC,INDEX01,"TC004+TC005"
SFCTC,INDEX02,"TC028+TC029+TC030"