table,table_cn,table_en,module,field_count,is_openapi_exposed,openapi_services,exposure_basis
ACMLC,成本低阶码档,Costs Low-level Codes,ACM,35,否,,未被任何 type_key 引用（中文名启发式与真机反推均未命中）
ACMMA,成本参数设置档,Costs Parameters,ACM,44,否,,未被任何 type_key 引用（中文名启发式与真机反推均未命中）
ACMMD,成本要素信息档,Costs Elements,ACM,37,否,,未被任何 type_key 引用（中文名启发式与真机反推均未命中）
ACMMJ,品号成本要素信息档,Item Costs Elements,ACM,38,否,,未被任何 type_key 引用（中文名启发式与真机反推均未命中）
ACMML,成本分配依据单头档,Costs Distribution Basis Headers,ACM,35,否,,未被任何 type_key 引用（中文名启发式与真机反推均未命中）
ACMMM,成本分配依据单身档,Costs Distribution Basis Lines,ACM,38,否,,未被任何 type_key 引用（中文名启发式与真机反推均未命中）
ACMMN,成本分配依据计算因子档,Costs Distribution Basis Formula,ACM,36,否,,未被任何 type_key 引用（中文名启发式与真机反推均未命中）
ACMMO,成本分配依据条件因子档,Costs Distribution Basis Condition,ACM,35,否,,未被任何 type_key 引用（中文名启发式与真机反推均未命中）
ACMMP,部门成本要素信息档,Department Costs Element,ACM,38,否,,未被任何 type_key 引用（中文名启发式与真机反推均未命中）
ACMMQ,品号分类成本要素设定档,Item Costs Element,ACM,34,否,,未被任何 type_key 引用（中文名启发式与真机反推均未命中）
ACMTC,工单成本分配依据单头档,MO Costs Distribution Basis Headers,ACM,43,否,,未被任何 type_key 引用（中文名启发式与真机反推均未命中）
ACMTD,工单成本分配依据单身档,MO Costs Distribution Basis Lines,ACM,45,否,,未被任何 type_key 引用（中文名启发式与真机反推均未命中）
ACMTE,部门成本分配率单头档,Department Costs Distribution Ratio Headers,ACM,34,否,,未被任何 type_key 引用（中文名启发式与真机反推均未命中）
ACMTF,部门成本分配率单身档,Department Costs Distribution Rate Lines,ACM,41,否,,未被任何 type_key 引用（中文名启发式与真机反推均未命中）
ACMTI,成本计算单头档,Costs Calculation Headers,ACM,50,否,,未被任何 type_key 引用（中文名启发式与真机反推均未命中）
ACMTJ,成本计算单身档,Costs Calculation Lines,ACM,56,否,,未被任何 type_key 引用（中文名启发式与真机反推均未命中）
ACMTK,成本计算单身工单明细档,Costs Calculation Lines - MO Details,ACM,37,否,,未被任何 type_key 引用（中文名启发式与真机反推均未命中）
ACMTL,产品成本单头月档,Product Costs Headers,ACM,42,否,,未被任何 type_key 引用（中文名启发式与真机反推均未命中）
ACMTM,产品成本单身月档,Product Costs Lines,ACM,38,否,,未被任何 type_key 引用（中文名启发式与真机反推均未命中）
ACMTN,完工率单头档,Completion Ratio Headers,ACM,37,否,,未被任何 type_key 引用（中文名启发式与真机反推均未命中）
ACMTO,完工率单身档,Completion Ratio Lines,ACM,39,否,,未被任何 type_key 引用（中文名启发式与真机反推均未命中）
ACMTP,成本计算单部门成本明细档,Costs Calculation - Department Cost Lines,ACM,40,否,,未被任何 type_key 引用（中文名启发式与真机反推均未命中）
ACMTQ,成本计算单产出数量明细档,Costs Calculation - Output Quantity Lines,ACM,46,否,,未被任何 type_key 引用（中文名启发式与真机反推均未命中）
ACPLB,应付账款异动明细档,A/P Transaction Details,ACP,58,否,,未被任何 type_key 引用（中文名启发式与真机反推均未命中）
ACPLC,核销记录档,Write-off Records,ACP,65,否,,未被任何 type_key 引用（中文名启发式与真机反推均未命中）
ACPLD,应付调汇单头档,A/P Exchange Adjustment Headers,ACP,46,否,,未被任何 type_key 引用（中文名启发式与真机反推均未命中）
ACPLE,应付调汇单身档,A/P Exchange Adjustment Lines,ACP,49,否,,未被任何 type_key 引用（中文名启发式与真机反推均未命中）
ACPMA,应付参数设置档,A/P Parameters,ACP,56,否,,未被任何 type_key 引用（中文名启发式与真机反推均未命中）
ACPTA,采购发票单头档,Purchase Invoices Headers,ACP,93,待确认,yf.oapi.purchase.invoice.data.query.get,实体未映射到物理表，但 type_key `purchase.invoice` 存在可用节点（ACCEPTED_NO_TABLE：节点有效、接口可调通，回参未含物理表名）；服务名仅供试探，不可作为确证
ACPTB,采购发票单身档,Purchase Invoices Lines,ACP,73,待确认,yf.oapi.purchase.invoice.data.query.get,实体未映射到物理表，但 type_key `purchase.invoice` 存在可用节点（ACCEPTED_NO_TABLE：节点有效、接口可调通，回参未含物理表名）；服务名仅供试探，不可作为确证
ACPTE,应付对象每月统计单头,Payables Statistic Monthly - Partner Payable Headers,ACP,43,否,,未被任何 type_key 引用（中文名启发式与真机反推均未命中）
ACPTF,应付对象每月统计单身,Payables Statistic Monthly - Partner Payable Lines,ACP,44,否,,未被任何 type_key 引用（中文名启发式与真机反推均未命中）
ACPTI,其他应付单头档,Other Payables Headers,ACP,73,否,,未被任何 type_key 引用（中文名启发式与真机反推均未命中）
ACPTJ,其他应付单单身档,Other Payables Lines,ACP,47,待确认,yf.oapi.other.payable.doc.data.query.get,实体未映射到物理表，但 type_key `other.payable.doc` 存在可用节点（ACCEPTED_NO_TABLE：节点有效、接口可调通，回参未含物理表名）；服务名仅供试探，不可作为确证
ACPTK,付款单单头档,Payments Headers,ACP,110,待确认,yf.oapi.payable.doc.data.query.get,实体未映射到物理表，但 type_key `payable.doc` 存在可用节点（ACCEPTED_NO_TABLE：节点有效、接口可调通，回参未含物理表名）；服务名仅供试探，不可作为确证
ACPTL,付款实时核销单身档,Payment Write-off Instant Lines,ACP,63,否,,未被任何 type_key 引用（中文名启发式与真机反推均未命中）
ACPTM,费用结算单头档,Expense Settlements Headers,ACP,41,否,,未被任何 type_key 引用（中文名启发式与真机反推均未命中）
ACPTN,费用结算进货单身档,Expense Settlements Lines,ACP,47,否,,未被任何 type_key 引用（中文名启发式与真机反推均未命中）
ACPTO,费用结算发票单身档,Expense Invoices Lines,ACP,44,否,,未被任何 type_key 引用（中文名启发式与真机反推均未命中）
ACPTP,暂估成本核算单头档,Interim Estimate Cost Order Headers,ACP,45,否,,未被任何 type_key 引用（中文名启发式与真机反推均未命中）
ACPTQ,暂估成本核算单身档,Interim Estimate Cost Order Lines,ACP,62,否,,未被任何 type_key 引用（中文名启发式与真机反推均未命中）
ACPTR,应付对象项目号每月统计单头,Payables Statistic Monthly - Partner Payable Headers,ACP,44,否,,未被任何 type_key 引用（中文名启发式与真机反推均未命中）
ACPTS,应付对象项目号每月统计单身,Payables Statistic Monthly - Partner Payable Lines,ACP,45,否,,未被任何 type_key 引用（中文名启发式与真机反推均未命中）
ACRIA,收款单子单身档,Sales Invoices Subelement Lines,ACR,48,否,,未被任何 type_key 引用（中文名启发式与真机反推均未命中）
ACRIB,应收账款分期异动明细档,A/R Installment Transaction Details,ACR,57,否,,未被任何 type_key 引用（中文名启发式与真机反推均未命中）
ACRIC,核销分期记录档,Write-off Installment Records,ACR,53,否,,未被任何 type_key 引用（中文名启发式与真机反推均未命中）
ACRID,分期收款分期金额明细档,Instalment Amount Lines,ACR,46,否,,未被任何 type_key 引用（中文名启发式与真机反推均未命中）
ACRIE,调汇单子单身档,Exchange Adjustments Subelement Lines,ACR,48,否,,未被任何 type_key 引用（中文名启发式与真机反推均未命中）
ACRIF,销售发票开票底稿档,,ACR,39,否,,未被任何 type_key 引用（中文名启发式与真机反推均未命中）
ACRLB,应收账款异动明细档,A/R Transaction Details,ACR,57,否,,未被任何 type_key 引用（中文名启发式与真机反推均未命中）
ACRLC,核销记录档,Write-off Records,ACR,65,否,,未被任何 type_key 引用（中文名启发式与真机反推均未命中）
ACRLD,应收调汇单头档,A/R Exchange Adjustment Headers,ACR,46,否,,未被任何 type_key 引用（中文名启发式与真机反推均未命中）
ACRLE,应收调汇单身档,A/R Exchange Adjustment Lines,ACR,47,否,,未被任何 type_key 引用（中文名启发式与真机反推均未命中）
ACRMA,应收参数设置档,A/R Parameters,ACR,62,否,,未被任何 type_key 引用（中文名启发式与真机反推均未命中）
ACRMB,客户供应商信息档,Customers/Suppliers,ACR,33,否,,未被任何 type_key 引用（中文名启发式与真机反推均未命中）
ACRMC,账龄区间单头档,Range of A/R Aging Headers,ACR,33,否,,未被任何 type_key 引用（中文名启发式与真机反推均未命中）
ACRMD,账龄区间单身档,Range of A/R Aging Lines,ACR,36,否,,未被任何 type_key 引用（中文名启发式与真机反推均未命中）
ACRME,其他收支类型信息档,Other Revenue and Expenditure Types,ACR,35,否,,未被任何 type_key 引用（中文名启发式与真机反推均未命中）
ACRTA,销售发票单头档,Sales Invoices Headers,ACR,132,待确认,yf.oapi.sales.invoice.data.query.get,实体未映射到物理表，但 type_key `sales.invoice` 存在可用节点（ACCEPTED_NO_TABLE：节点有效、接口可调通，回参未含物理表名）；服务名仅供试探，不可作为确证
ACRTB,销售发票单身档,Sales Invoices Lines,ACR,68,待确认,yf.oapi.sales.invoice.data.query.get,实体未映射到物理表，但 type_key `sales.invoice` 存在可用节点（ACCEPTED_NO_TABLE：节点有效、接口可调通，回参未含物理表名）；服务名仅供试探，不可作为确证
ACRTE,客户账款统计月档,eceivables Statistic Monthly - Customer,ACR,42,否,,未被任何 type_key 引用（中文名启发式与真机反推均未命中）
ACRTF,客户账款分类统计月档,Receivables Classified Statistic Monthly - Customer,ACR,43,否,,未被任何 type_key 引用（中文名启发式与真机反推均未命中）
ACRTI,其他应收单头档,Other Receivables Headers,ACR,64,否,,未被任何 type_key 引用（中文名启发式与真机反推均未命中）
ACRTJ,其他应收单单身档,Other Receivables Lines,ACR,47,待确认,yf.oapi.other.receivable.data.query.get,实体未映射到物理表，但 type_key `other.receivable` 存在可用节点（ACCEPTED_NO_TABLE：节点有效、接口可调通，回参未含物理表名）；服务名仅供试探，不可作为确证
ACRTK,收款单单头档,Collection Order Headers,ACR,111,待确认,yf.oapi.collection.doc.data.query.get,实体未映射到物理表，但 type_key `collection.doc` 存在可用节点（ACCEPTED_NO_TABLE：节点有效、接口可调通，回参未含物理表名）；服务名仅供试探，不可作为确证
ACRTL,收款实时核销单身档,Collection Write-off Instant Lines,ACR,61,否,,未被任何 type_key 引用（中文名启发式与真机反推均未命中）
ACRTM,坏账准备单据档,Provision for Bad Debts Orders,ACR,45,否,,未被任何 type_key 引用（中文名启发式与真机反推均未命中）
ACRTN,坏账处理单据档,Disposition of Bad Debts Orders,ACR,57,否,,未被任何 type_key 引用（中文名启发式与真机反推均未命中）
ACRTQ,发票信息档,Invoices,ACR,39,否,,未被任何 type_key 引用（中文名启发式与真机反推均未命中）
ACTLA,公司凭证复制记录档,Voucher Copies by Company,ACT,37,否,,未被任何 type_key 引用（中文名启发式与真机反推均未命中）
ACTLB,现金流量表项目维护档,Cash Flow Statement Items,ACT,50,否,,未被任何 type_key 引用（中文名启发式与真机反推均未命中）
ACTLC,期初开账单头档,Opening Account Order Headers,ACT,48,否,,未被任何 type_key 引用（中文名启发式与真机反推均未命中）
ACTLD,期初开账单身档,Opening Account Order Headers,ACT,52,否,,未被任何 type_key 引用（中文名启发式与真机反推均未命中）
ACTLE,会计科目各期汇总档,Periodical Summaries of Account Code,ACT,58,否,,未被任何 type_key 引用（中文名启发式与真机反推均未命中）
ACTLF,自动转账单头档,Automatic Transfer Order Headers,ACT,38,否,,未被任何 type_key 引用（中文名启发式与真机反推均未命中）
ACTLG,自动转账单身档,Automatic Transfer Order Lines,ACT,48,否,,未被任何 type_key 引用（中文名启发式与真机反推均未命中）
ACTMA,会计科目信息档,Account Codes,ACT,70,否,,type_key `account` 节点均不可用（MA012/NONE），无实证
ACTMC,会计系统参数档,Accounting Parameters,ACT,58,否,,未被任何 type_key 引用（中文名启发式与真机反推均未命中）
ACTME,科目部门设限档,Deparment Limited by A/C,ACT,35,否,,未被任何 type_key 引用（中文名启发式与真机反推均未命中）
ACTMF,核算项目名称档,User-defined Analysis Items Inquiry,ACT,41,否,,未被任何 type_key 引用（中文名启发式与真机反推均未命中）
ACTMG,会计期间设置单头档,Accounting Period Headers,ACT,33,否,,未被任何 type_key 引用（中文名启发式与真机反推均未命中）
ACTMH,会计期间设置单身档,Accounting Period Lines,ACT,35,否,,未被任何 type_key 引用（中文名启发式与真机反推均未命中）
ACTMI,预算编号名称档,Budget Codes,ACT,33,否,,未被任何 type_key 引用（中文名启发式与真机反推均未命中）
ACTMJ,科目/部门预算单头档,Budget Headers by A/C and Department,ACT,48,否,,未被任何 type_key 引用（中文名启发式与真机反推均未命中）
ACTMK,科目/部门预算单身档,Budget Lines by A/C and Department,ACT,44,否,,未被任何 type_key 引用（中文名启发式与真机反推均未命中）
ACTMO,分摊比率单头档,Apportionment Rate Headers,ACT,46,否,,未被任何 type_key 引用（中文名启发式与真机反推均未命中）
ACTMP,分摊比率单身档,Apportionment Rate Lines,ACT,48,否,,未被任何 type_key 引用（中文名启发式与真机反推均未命中）
ACTMQ,比率分摊金额来源档,Amount Source For Apportionment Rate,ACT,34,否,,未被任何 type_key 引用（中文名启发式与真机反推均未命中）
ACTMR,部门级次信息档,Department Levels,ACT,32,否,,未被任何 type_key 引用（中文名启发式与真机反推均未命中）
ACTMS,现金流量表项目单头档,Cash Flow Statement Item Headers,ACT,32,否,,未被任何 type_key 引用（中文名启发式与真机反推均未命中）
ACTMS205,现金流量表项目单头档,Cash Flow Statement Item Headers,ACT,32,否,,未被任何 type_key 引用（中文名启发式与真机反推均未命中）
ACTMT,现金流量表项目单身档,Cash Flow Statement Item Lines,ACT,33,否,,未被任何 type_key 引用（中文名启发式与真机反推均未命中）
ACTMT205,现金流量表项目单身档,Cash Flow Statement Item Lines,ACT,33,否,,未被任何 type_key 引用（中文名启发式与真机反推均未命中）
ACTMU,自定义账册设置单头档,User Defined Accounting Book Headers,ACT,36,否,,未被任何 type_key 引用（中文名启发式与真机反推均未命中）
ACTMV,自定义账册设置单身档,User Defined Accounting Book Lines,ACT,35,否,,未被任何 type_key 引用（中文名启发式与真机反推均未命中）
ACTMW,销货-制造成本表设置单头档,Sales Manufacture Cost Setting Headers,ACT,35,否,,未被任何 type_key 引用（中文名启发式与真机反推均未命中）
ACTMX,销货-制造成本表设置单身档,Sales Manufacture Cost Setting Lines,ACT,34,否,,未被任何 type_key 引用（中文名启发式与真机反推均未命中）
ACTMY,预算追加/挪用资料档,Budget Diversions/Additions,ACT,52,否,,未被任何 type_key 引用（中文名启发式与真机反推均未命中）
ACTMZ,销货-制造成本表设置类别档,Sales Manufacture Cost Setting Type,ACT,33,否,,未被任何 type_key 引用（中文名启发式与真机反推均未命中）
ACTTA,会计凭证单头档,Account Voucher Headers,ACT,56,待确认,yf.oapi.accounting.voucher.data.query.get,实体未映射到物理表，但 type_key `accounting.voucher` 存在可用节点（ACCEPTED_NO_TABLE：节点有效、接口可调通，回参未含物理表名）；服务名仅供试探，不可作为确证
ACTTB,会计凭证单身档,Account Voucher Lines,ACT,57,待确认,yf.oapi.accounting.voucher.data.query.get,实体未映射到物理表，但 type_key `accounting.voucher` 存在可用节点（ACCEPTED_NO_TABLE：节点有效、接口可调通，回参未含物理表名）；服务名仅供试探，不可作为确证
ACTTC,常用凭证单头档,Standard Voucher Headers,ACT,41,否,,未被任何 type_key 引用（中文名启发式与真机反推均未命中）
ACTTD,常用凭证单身档,Standard Voucher Lines,ACT,56,否,,未被任何 type_key 引用（中文名启发式与真机反推均未命中）
ACTTE,报表结构单头档,Structure Headers of Report,ACT,34,否,,未被任何 type_key 引用（中文名启发式与真机反推均未命中）
ACTTF,报表结构单身档,Structure Lines Report,ACT,53,否,,未被任何 type_key 引用（中文名启发式与真机反推均未命中）
ACTTG,现金流量表格式单头档,Structure Headers of Cash Flow Statement,ACT,32,否,,未被任何 type_key 引用（中文名启发式与真机反推均未命中）
ACTTG205,现金流量表格式单头档,Structure Headers of Cash Flow Statement,ACT,32,否,,未被任何 type_key 引用（中文名启发式与真机反推均未命中）
ACTTH,现金流量表格式单身档,Structure Lines of Cash Flow Statement,ACT,37,否,,未被任何 type_key 引用（中文名启发式与真机反推均未命中）
ACTTH205,现金流量表格式单身档,Structure Lines of Cash Flow Statement,ACT,37,否,,未被任何 type_key 引用（中文名启发式与真机反推均未命中）
ACTTI,现金流量表格式单身科目明细档,A/C by Structure Lines of Cash Flow Statement,ACT,36,否,,未被任何 type_key 引用（中文名启发式与真机反推均未命中）
ACTTI205,现金流量表格式单身科目明细档,A/C by Structure Lines of Cash Flow Statement,ACT,36,否,,未被任何 type_key 引用（中文名启发式与真机反推均未命中）
ACTTJ,现金流量调整金额单头档,Amount Adjustment Headers of Cash Flow Statement,ACT,34,否,,未被任何 type_key 引用（中文名启发式与真机反推均未命中）
ACTTK,现金流量调整金额单身档,Amount Adjustment Lines of Cash Flow Statement,ACT,37,否,,未被任何 type_key 引用（中文名启发式与真机反推均未命中）
ACTTL,自定义报表结构单头档,Structure Headers of UDF Report,ACT,35,否,,未被任何 type_key 引用（中文名启发式与真机反推均未命中）
ACTTM,自定义报表结构单身档,Structure Liness of UDF Report,ACT,35,否,,未被任何 type_key 引用（中文名启发式与真机反推均未命中）
ADMMA,系统信息,Systems,ADM,31,否,,未被任何 type_key 引用（中文名启发式与真机反推均未命中）
ADMMB,程序信息,Procedures,ADM,41,否,,未被任何 type_key 引用（中文名启发式与真机反推均未命中）
ADMMC,文档信息,Tables,ADM,32,否,,未被任何 type_key 引用（中文名启发式与真机反推均未命中）
ADMMD,字段信息,Fields,ADM,35,否,,未被任何 type_key 引用（中文名启发式与真机反推均未命中）
ADMME,组信息,Groups,ADM,34,否,,未被任何 type_key 引用（中文名启发式与真机反推均未命中）
ADMMF,用户信息,Users,ADM,38,否,,未被任何 type_key 引用（中文名启发式与真机反推均未命中）
ADMMG,用户作业权限档,User Authorities,ADM,41,否,,未被任何 type_key 引用（中文名启发式与真机反推均未命中）
ADMMH,作业扩展权限设置档,Expansion of Authority,ADM,34,否,,未被任何 type_key 引用（中文名启发式与真机反推均未命中）
ADMMP,程序信息,Procedures,ADM,31,否,,未被任何 type_key 引用（中文名启发式与真机反推均未命中）
ADMMQ,电子表单关联单头档,EasyFlow Relationship Headers,ADM,41,否,,未被任何 type_key 引用（中文名启发式与真机反推均未命中）
ADMMR,电子表单关联单身档,EasyFlow Relationship Lines,ADM,37,否,,未被任何 type_key 引用（中文名启发式与真机反推均未命中）
ADMMS,OLAP设置档,OLAP Settings,ADM,33,否,,未被任何 type_key 引用（中文名启发式与真机反推均未命中）
ADMMT,用户限定基础数据档,User Limits,ADM,34,否,,未被任何 type_key 引用（中文名启发式与真机反推均未命中）
ADMMU,用户作业扩展权限设置档,User Expansion of authority,ADM,35,否,,未被任何 type_key 引用（中文名启发式与真机反推均未命中）
ADMMV,业务导航地图档,Frame Archives,ADM,32,否,,未被任何 type_key 引用（中文名启发式与真机反推均未命中）
ADMMW,业务导航用户信息档,Frame User Archives,ADM,27,否,,未被任何 type_key 引用（中文名启发式与真机反推均未命中）
ADMMX,图片信息档,Picture Content,ADM,27,否,,未被任何 type_key 引用（中文名启发式与真机反推均未命中）
ADMMY,用户自定义菜单,User Defined Menu Archives,ADM,31,否,,未被任何 type_key 引用（中文名启发式与真机反推均未命中）
ADMMZ,自定义F2开窗,F2 Inquiry,ADM,35,否,,未被任何 type_key 引用（中文名启发式与真机反推均未命中）
ADMND,消息生成规则档,Message Create Rule,ADM,57,否,,未被任何 type_key 引用（中文名启发式与真机反推均未命中）
ADMNG,数据导入规则档,Data Import Rules,ADM,34,否,,未被任何 type_key 引用（中文名启发式与真机反推均未命中）
ADMNH,颜色管理规则档,Color management,ADM,35,否,,未被任何 type_key 引用（中文名启发式与真机反推均未命中）
ADMOA,角色信息,Roles,ADM,33,否,,未被任何 type_key 引用（中文名启发式与真机反推均未命中）
ADMOB,组织信息档,Department Levels,ADM,32,否,,未被任何 type_key 引用（中文名启发式与真机反推均未命中）
ADMOC,角色成员信息,staff Role,ADM,33,否,,未被任何 type_key 引用（中文名启发式与真机反推均未命中）
ADMOD,角色成员管理范围档,staff Role Control Limit,ADM,34,否,,未被任何 type_key 引用（中文名启发式与真机反推均未命中）
ADMTA,传真/Email传送纪录信息档,TAX/Email Transfer Records,ADM,36,否,,未被任何 type_key 引用（中文名启发式与真机反推均未命中）
ADMTB,数据修改记录档,Data Modification Logs,ADM,37,否,,未被任何 type_key 引用（中文名启发式与真机反推均未命中）
ADMTC,待发消息档,Preparative Message,ADM,41,否,,未被任何 type_key 引用（中文名启发式与真机反推均未命中）
ADMTD,已发消息档,Sended Message,ADM,42,否,,未被任何 type_key 引用（中文名启发式与真机反推均未命中）
ADMTE,消息存档,History Message,ADM,47,否,,未被任何 type_key 引用（中文名启发式与真机反推均未命中）
ADMTF,消息草稿档,Draft Message,ADM,41,否,,未被任何 type_key 引用（中文名启发式与真机反推均未命中）
ADMTG,用户数据权限信息单头档,Data Authority Headers,ADM,47,否,,未被任何 type_key 引用（中文名启发式与真机反推均未命中）
ADMTH,用户数据权限信息单身档,Data Authority Lines,ADM,37,否,,未被任何 type_key 引用（中文名启发式与真机反推均未命中）
ADMTI,自定义信息参数档,UDF Params,ADM,31,否,,未被任何 type_key 引用（中文名启发式与真机反推均未命中）
ADMTJ,自定义信息参数档,UDF Params,ADM,29,否,,未被任何 type_key 引用（中文名启发式与真机反推均未命中）
ADMTK,自定义信息定义档,UDF Information,ADM,33,否,,未被任何 type_key 引用（中文名启发式与真机反推均未命中）
ADMTL,自定义信息定义档,UDF Information,ADM,43,否,,未被任何 type_key 引用（中文名启发式与真机反推均未命中）
ADMTM,自定义信息定义档,UDF Information,ADM,36,否,,未被任何 type_key 引用（中文名启发式与真机反推均未命中）
ADMTN,自定义信息定义档,UDF Information,ADM,36,否,,未被任何 type_key 引用（中文名启发式与真机反推均未命中）
ADMTO,上线效益指标档,YIFei Benefit,ADM,40,否,,未被任何 type_key 引用（中文名启发式与真机反推均未命中）
ADMTP,上线效益结果档,YIFei Benefit  Result,ADM,34,否,,未被任何 type_key 引用（中文名启发式与真机反推均未命中）
ADMTQ,上线效益指标权限档,YIFei Benefit  Authorities,ADM,33,否,,未被任何 type_key 引用（中文名启发式与真机反推均未命中）
AJSLA,来源单据记录档,Source Documents,AJS,37,否,,未被任何 type_key 引用（中文名启发式与真机反推均未命中）
AJSLB,暂估回冲记录档,Indicatively backout records,AJS,41,否,,未被任何 type_key 引用（中文名启发式与真机反推均未命中）
AJSLC,发出商品记录档,Goods Send Out records,AJS,42,否,,未被任何 type_key 引用（中文名启发式与真机反推均未命中）
AJSMA,自动分录参数设置档,AJS Parameters,AJS,38,否,,未被任何 type_key 引用（中文名启发式与真机反推均未命中）
AJSMB,分录性质设置档,JNLEM Properties,AJS,74,否,,未被任何 type_key 引用（中文名启发式与真机反推均未命中）
AJSMC,分录性质设置单身档,JNLEM Properties Lines,AJS,36,否,,未被任何 type_key 引用（中文名启发式与真机反推均未命中）
AJSTA,分录底稿单头档,JNLEM Headers,AJS,48,否,,未被任何 type_key 引用（中文名启发式与真机反推均未命中）
AJSTB,分录底稿单身档,JNLEM Lines,AJS,59,否,,未被任何 type_key 引用（中文名启发式与真机反推均未命中）
AMSMA,刷卡信息定义档,刷卡信息定义档,AMS,57,否,,未被任何 type_key 引用（中文名启发式与真机反推均未命中）
AMSMB,员工每日班别档,员工每日班别档,AMS,94,否,,未被任何 type_key 引用（中文名启发式与真机反推均未命中）
AMSMC,刷卡暂存信息档,刷卡暂存信息档,AMS,37,否,,未被任何 type_key 引用（中文名启发式与真机反推均未命中）
AMSMD,加班尾数设置信息档,加班尾数设置信息档,AMS,42,否,,未被任何 type_key 引用（中文名启发式与真机反推均未命中）
AMSME,员工刷卡明细档,员工刷卡明细档,AMS,63,否,,未被任何 type_key 引用（中文名启发式与真机反推均未命中）
AMSMF,临时卡信息档,临时卡信息档,AMS,34,否,,未被任何 type_key 引用（中文名启发式与真机反推均未命中）
AQSMA,人员报价权限信息单头档,,AQS,35,否,,未被任何 type_key 引用（中文名启发式与真机反推均未命中）
AQSMB,人员报价权限信息单身档,,AQS,39,否,,未被任何 type_key 引用（中文名启发式与真机反推均未命中）
ASMLA,配件库存异动信息档,,ASM,42,否,,未被任何 type_key 引用（中文名启发式与真机反推均未命中）
ASMMA,参数设置档,,ASM,49,否,,未被任何 type_key 引用（中文名启发式与真机反推均未命中）
ASMMB,服务人员单身区域信息档,,ASM,32,否,,未被任何 type_key 引用（中文名启发式与真机反推均未命中）
ASMMC,产品验收项目单头档,Item Accepting item Headers,ASM,33,否,,未被任何 type_key 引用（中文名启发式与真机反推均未命中）
ASMMD,产品验收项目单身档,Item Accepting item Lines,ASM,37,否,,未被任何 type_key 引用（中文名启发式与真机反推均未命中）
ASMMG,维修零件价格信息档,Maintain Components Price,ASM,40,否,,未被任何 type_key 引用（中文名启发式与真机反推均未命中）
ASMMH,服务紧急度信息档,Service Urgency,ASM,34,否,,未被任何 type_key 引用（中文名启发式与真机反推均未命中）
ASMMI,问卷信息单头档,Questionnaire Headers,ASM,36,否,,未被任何 type_key 引用（中文名启发式与真机反推均未命中）
ASMMJ,问卷信息单身档,Questionnaire item Lines,ASM,45,否,,未被任何 type_key 引用（中文名启发式与真机反推均未命中）
ASMMK,故障类型信息档,,ASM,36,否,,未被任何 type_key 引用（中文名启发式与真机反推均未命中）
ASMML,知识库信息档,,ASM,42,否,,未被任何 type_key 引用（中文名启发式与真机反推均未命中）
ASMMM,服务站点信息档,,ASM,46,否,,未被任何 type_key 引用（中文名启发式与真机反推均未命中）
ASMMN,服务人员信息档,,ASM,42,否,,未被任何 type_key 引用（中文名启发式与真机反推均未命中）
ASMMO,设备卡信息档,,ASM,63,否,,未被任何 type_key 引用（中文名启发式与真机反推均未命中）
ASMMP,设备卡过户历史信息档,,ASM,43,否,,未被任何 type_key 引用（中文名启发式与真机反推均未命中）
ASMMQ,服务人员库存信息档,,ASM,43,否,,未被任何 type_key 引用（中文名启发式与真机反推均未命中）
ASMMR,售后常用语信息档,,ASM,27,否,,未被任何 type_key 引用（中文名启发式与真机反推均未命中）
ASMMS,站别主管信息档,,ASM,35,否,,未被任何 type_key 引用（中文名启发式与真机反推均未命中）
ASMMT,服务中心信息档,,ASM,43,否,,未被任何 type_key 引用（中文名启发式与真机反推均未命中）
ASMMU,服务中心主管信息档,,ASM,35,否,,未被任何 type_key 引用（中文名启发式与真机反推均未命中）
ASMMV,服务人员代理信息档,,ASM,39,否,,未被任何 type_key 引用（中文名启发式与真机反推均未命中）
ASMTA,服务请求单信息档,,ASM,81,否,,未被任何 type_key 引用（中文名启发式与真机反推均未命中）
ASMTB,维修合同单头档,,ASM,76,否,,未被任何 type_key 引用（中文名启发式与真机反推均未命中）
ASMTC,维修合同单身档,,ASM,73,否,,未被任何 type_key 引用（中文名启发式与真机反推均未命中）
ASMTD,维修单单头档,,ASM,101,否,,未被任何 type_key 引用（中文名启发式与真机反推均未命中）
ASMTE,维修单单身档,,ASM,96,否,,未被任何 type_key 引用（中文名启发式与真机反推均未命中）
ASMTF,旧件返回单单头档,,ASM,50,否,,未被任何 type_key 引用（中文名启发式与真机反推均未命中）
ASMTG,旧件返回单单身档,,ASM,57,否,,未被任何 type_key 引用（中文名启发式与真机反推均未命中）
ASMTH,配件交易单单头档,,ASM,46,否,,未被任何 type_key 引用（中文名启发式与真机反推均未命中）
ASMTI,配件交易单单身档,,ASM,49,否,,未被任何 type_key 引用（中文名启发式与真机反推均未命中）
ASMTJ,安装验收单单头档,,ASM,92,否,,未被任何 type_key 引用（中文名启发式与真机反推均未命中）
ASMTK,安装验收单单身验收项目档,,ASM,38,否,,未被任何 type_key 引用（中文名启发式与真机反推均未命中）
ASMTL,安装验收单单身配件信息档,,ASM,60,否,,未被任何 type_key 引用（中文名启发式与真机反推均未命中）
ASMTM,维护合同单头档,,ASM,69,否,,未被任何 type_key 引用（中文名启发式与真机反推均未命中）
ASMTN,维护合同单身档,,ASM,86,否,,未被任何 type_key 引用（中文名启发式与真机反推均未命中）
ASMTO,服务请求单单身故障信息档,,ASM,39,否,,未被任何 type_key 引用（中文名启发式与真机反推均未命中）
ASMTP,巡检保养记录单头档,,ASM,94,否,,未被任何 type_key 引用（中文名启发式与真机反推均未命中）
ASMTQ,巡检保养记录单单身巡检项目档,,ASM,38,否,,未被任何 type_key 引用（中文名启发式与真机反推均未命中）
ASMTR,巡检保养记录单身配件信息档,,ASM,94,否,,未被任何 type_key 引用（中文名启发式与真机反推均未命中）
ASMTS,投诉处理单信息档,Complaint Handling,ASM,62,否,,未被任何 type_key 引用（中文名启发式与真机反推均未命中）
ASMTT,满意度调查单头档,Satisfaction Survey Headers,ASM,48,否,,未被任何 type_key 引用（中文名启发式与真机反推均未命中）
ASMTU,满意度调查单身档,Satisfaction Survey Lines,ASM,41,否,,未被任何 type_key 引用（中文名启发式与真机反推均未命中）
ASMTV,服务回访单头档,Return visit Headers,ASM,53,否,,未被任何 type_key 引用（中文名启发式与真机反推均未命中）
ASMTW,服务回访单身档,Return visit Lines,ASM,41,否,,未被任何 type_key 引用（中文名启发式与真机反推均未命中）
ASMTX,服务请求单单身处理意见档,,ASM,37,否,,未被任何 type_key 引用（中文名启发式与真机反推均未命中）
ASMTY,维修单单身故障信息档,,ASM,38,否,,未被任何 type_key 引用（中文名启发式与真机反推均未命中）
ASMUA,装配清单单头档,Assembly List  Headers,ASM,61,否,,未被任何 type_key 引用（中文名启发式与真机反推均未命中）
ASMUB,装配清单单身档,Assembly List  Lines,ASM,56,否,,未被任何 type_key 引用（中文名启发式与真机反推均未命中）
ASTLA,资产信息每月统计单头档,Asset Headers,AST,80,否,,未被任何 type_key 引用（中文名启发式与真机反推均未命中）
ASTLB,资产信息每月统计单身档,Asset Lines,AST,37,否,,未被任何 type_key 引用（中文名启发式与真机反推均未命中）
ASTLC,资产固定比率分摊每月统计档,Depreciation Fixed Apportionment Rate,AST,35,否,,未被任何 type_key 引用（中文名启发式与真机反推均未命中）
ASTMA,资产类别编号档,Asset Categories,AST,43,否,,未被任何 type_key 引用（中文名启发式与真机反推均未命中）
ASTMB,资产信息单头档,Asset Headers,AST,90,否,,未被任何 type_key 引用（中文名启发式与真机反推均未命中）
ASTMC,资产信息单身档,Asset Lines,AST,36,否,,未被任何 type_key 引用（中文名启发式与真机反推均未命中）
ASTMD,资产固定比率分摊档,Depreciation Fixed Apportionment Rate,AST,34,否,,未被任何 type_key 引用（中文名启发式与真机反推均未命中）
ASTME,固定资产参数设置档,FA Parameters,AST,43,否,,未被任何 type_key 引用（中文名启发式与真机反推均未命中）
ASTMF,资产盘点底稿单头,Asset CTMS Headers,AST,36,否,,未被任何 type_key 引用（中文名启发式与真机反推均未命中）
ASTMG,资产盘点底稿单身档,Asset CTMS Lines,AST,39,否,,未被任何 type_key 引用（中文名启发式与真机反推均未命中）
ASTTA,保险信息单头档,Asset Insurance Headers,AST,38,否,,未被任何 type_key 引用（中文名启发式与真机反推均未命中）
ASTTB,保险信息单身档,Asset Insurance Lines,AST,35,否,,未被任何 type_key 引用（中文名启发式与真机反推均未命中）
ASTTC,资产交易单头档,Asset Transactions Headers,AST,97,否,,未被任何 type_key 引用（中文名启发式与真机反推均未命中）
ASTTD,资产交易单身档,Asset Transactions Lines,AST,50,否,,未被任何 type_key 引用（中文名启发式与真机反推均未命中）
ASTTE,资产转移外送收回单头档,Asset Transfers/Outwards/Withdrawals Headers,AST,41,否,,未被任何 type_key 引用（中文名启发式与真机反推均未命中）
ASTTF,资产转移单身档,Asset Transfers Lines,AST,43,否,,未被任何 type_key 引用（中文名启发式与真机反推均未命中）
ASTTG,资产外送单身档,Asset Outwards Lines,AST,42,否,,未被任何 type_key 引用（中文名启发式与真机反推均未命中）
ASTTH,资产收回单身档,Asset Withdrawals Lines,AST,41,否,,未被任何 type_key 引用（中文名启发式与真机反推均未命中）
ASTTI,资产请购单单头档,Asset P/R Headers,AST,44,否,,未被任何 type_key 引用（中文名启发式与真机反推均未命中）
ASTTJ,资产请购单单身档,Asset P/R Lines,AST,54,否,,未被任何 type_key 引用（中文名启发式与真机反推均未命中）
ASTTK,资产询价单单头档,Asset Inquiries Headers,AST,34,否,,未被任何 type_key 引用（中文名启发式与真机反推均未命中）
ASTTL,资产询价单单身档,Asset Inquiries Lines,AST,43,否,,未被任何 type_key 引用（中文名启发式与真机反推均未命中）
ASTTM,资产采购单单头档,Asset PO Headers,AST,56,否,,未被任何 type_key 引用（中文名启发式与真机反推均未命中）
ASTTN,资产采购单单身档,Asset PO Lines,AST,50,否,,未被任何 type_key 引用（中文名启发式与真机反推均未命中）
ASTTO,资产进货单单头档,Asset Receipts Headers,AST,70,否,,未被任何 type_key 引用（中文名启发式与真机反推均未命中）
ASTTP,资产进货单单身档,Asset Receipts Lines,AST,71,否,,未被任何 type_key 引用（中文名启发式与真机反推均未命中）
ASTTQ,资产工作量记录单头档,Asset Workload Headers,AST,35,否,,未被任何 type_key 引用（中文名启发式与真机反推均未命中）
ASTTR,资产工作量记录单身档,Asset Workload Lines,AST,35,否,,未被任何 type_key 引用（中文名启发式与真机反推均未命中）
BMSMA,设置条码系统参数,,BMS,95,否,,未被任何 type_key 引用（中文名启发式与真机反推均未命中）
BMSMB,设置条码编码规则,,BMS,98,否,,未被任何 type_key 引用（中文名启发式与真机反推均未命中）
BMSMC,记录序号条码档当前最大流水码,,BMS,39,否,,未被任何 type_key 引用（中文名启发式与真机反推均未命中）
BMSMD,条码扫描作业信息临时档,,BMS,78,否,,未被任何 type_key 引用（中文名启发式与真机反推均未命中）
BMSME,装箱单信息单头档,,BMS,40,否,,未被任何 type_key 引用（中文名启发式与真机反推均未命中）
BMSMF,装箱单信息单身档,,BMS,45,否,,未被任何 type_key 引用（中文名启发式与真机反推均未命中）
BMSMG,品号条码档,,BMS,54,否,,未被任何 type_key 引用（中文名启发式与真机反推均未命中）
BMSMH,数量条码档,,BMS,55,否,,未被任何 type_key 引用（中文名启发式与真机反推均未命中）
BMSMI,多前置单据临时档,,BMS,31,否,,未被任何 type_key 引用（中文名启发式与真机反推均未命中）
BMSTA,条码交易明细档,,BMS,40,否,,未被任何 type_key 引用（中文名启发式与真机反推均未命中）
BOMCA,BOM 信息单头档,BOM Headers,BOM,53,否,,未被任何 type_key 引用（中文名启发式与真机反推均未命中）
BOMCB,BOM 信息单身档,BOM Lines,BOM,59,否,,未被任何 type_key 引用（中文名启发式与真机反推均未命中）
BOMCC,元件群组单头档,Item Group Headers,BOM,33,否,,未被任何 type_key 引用（中文名启发式与真机反推均未命中）
BOMCD,元件群组单身档,Item Group Lines,BOM,37,否,,未被任何 type_key 引用（中文名启发式与真机反推均未命中）
BOMCE,替代群组单头档,Replace Group Headers,BOM,34,否,,未被任何 type_key 引用（中文名启发式与真机反推均未命中）
BOMCF,替代群组单身档,Replace Group Lines,BOM,39,否,,未被任何 type_key 引用（中文名启发式与真机反推均未命中）
BOMMA,取替代料单头档,Alternative/Replace Item Headers,BOM,34,是,yf.oapi.replace.substitute.item.data.query.get,真机反推确证（node-table-map.csv，confidence=HIGH，type_key=replace.substitute.item）
BOMMB,取替代料单身档,Alternative/Replace Item Lines,BOM,39,否,,type_key `replace.substitute.item` 节点均不可用（MA012/NONE），无实证
BOMMC,BOM 用量信息单头档,BOM Headers,BOM,44,否,,未被任何 type_key 引用（中文名启发式与真机反推均未命中）
BOMMD,BOM 用量信息单身档,BOM Lines,BOM,61,否,,未被任何 type_key 引用（中文名启发式与真机反推均未命中）
BOMME,产品工艺路线单头档,Item Routing Headers,BOM,34,是,yf.oapi.product.process.data.query.get,真机反推确证（node-table-map.csv，confidence=HIGH，type_key=product.process）
BOMMF,产品工艺路线单身档,Item Routing Lines,BOM,62,否,,type_key `product.process` 节点均不可用（MA012/NONE），无实证
BOMMG,标准作业程序档,Standard System Procedures,BOM,46,否,,未被任何 type_key 引用（中文名启发式与真机反推均未命中）
BOMMH,料件认可信息档,Item Certifications,BOM,40,否,,未被任何 type_key 引用（中文名启发式与真机反推均未命中）
BOMMI,工程品号基本信息档,Engineering Items,BOM,45,是,yf.oapi.engineering.item.data.query.get,真机反推确证（node-table-map.csv，confidence=HIGH，type_key=engineering.item）
BOMMJ,E-BOM 用量信息单头档,E-BOM Headers,BOM,41,否,,未被任何 type_key 引用（中文名启发式与真机反推均未命中）
BOMMK,E-BOM 用量信息单身档,E-BOM Lines,BOM,53,否,,未被任何 type_key 引用（中文名启发式与真机反推均未命中）
BOMML,E-BOM参数设置档,E-BOM Parameters,BOM,32,否,,未被任何 type_key 引用（中文名启发式与真机反推均未命中）
BOMMM,E-BOM转BOM对照单头档,E-BOM Transfer to BOM Headers,BOM,38,否,,未被任何 type_key 引用（中文名启发式与真机反推均未命中）
BOMMN,E-BOM转BOM对照单身档,E-BOM Transfer to BOM Lines,BOM,38,否,,未被任何 type_key 引用（中文名启发式与真机反推均未命中）
BOMMO,BOM参数设置档,BOM Parameters,BOM,35,否,,未被任何 type_key 引用（中文名启发式与真机反推均未命中）
BOMMP,BOM子单身明细档,BOM Sub-lines,BOM,39,否,,未被任何 type_key 引用（中文名启发式与真机反推均未命中）
BOMMQ,BOM分量损耗档,BOM Scrap Ratio,BOM,37,否,,未被任何 type_key 引用（中文名启发式与真机反推均未命中）
BOMTA,BOM变更单头档,BOM Change Headers,BOM,42,否,,未被任何 type_key 引用（中文名启发式与真机反推均未命中）
BOMTB,BOM变更单身档,BOM Change Lines,BOM,65,否,,未被任何 type_key 引用（中文名启发式与真机反推均未命中）
BOMTC,BOM 变更子单身档,BOM Change Sub-lines,BOM,126,否,,未被任何 type_key 引用（中文名启发式与真机反推均未命中）
BOMTD,组合单单头信息,Combine Order Headers,BOM,54,否,,type_key `combination.order` 节点均不可用（MA012/NONE），无实证
BOMTE,组合单单身信息,Combine Order Lines,BOM,48,否,,type_key `combination.order` 节点均不可用（MA012/NONE），无实证
BOMTF,拆解单单头信息,Split Order Headers,BOM,53,否,,type_key `split.order` 节点均不可用（MA012/NONE），无实证
BOMTG,拆解单单身信息,Split Order Lines,BOM,47,否,,type_key `split.order` 节点均不可用（MA012/NONE），无实证
BOMTH,料件认可信息档,Item Certifications,BOM,55,否,,未被任何 type_key 引用（中文名启发式与真机反推均未命中）
BOMTI,E-BOM变更单头档,E-BOM Change Headers,BOM,42,否,,未被任何 type_key 引用（中文名启发式与真机反推均未命中）
BOMTJ,E-BOM变更单身档,E-BOM Change Lines,BOM,57,否,,未被任何 type_key 引用（中文名启发式与真机反推均未命中）
BOMTK,E-BOM变更子单身档,E-BOM Change Sub-lines,BOM,82,否,,未被任何 type_key 引用（中文名启发式与真机反推均未命中）
BOMTL,BOM分量损耗变更档,BOM Scrap Ratio Change,BOM,48,否,,未被任何 type_key 引用（中文名启发式与真机反推均未命中）
CMSIA,分期收款条件单头档,Installment Sale Condition Headers,CMS,34,否,,未被任何 type_key 引用（中文名启发式与真机反推均未命中）
CMSIB,分期收款条件单身档,Installment Sale Condition Lines,CMS,45,否,,未被任何 type_key 引用（中文名启发式与真机反推均未命中）
CMSMA,共用参数设置档,Common Parameters,CMS,188,否,,未被任何 type_key 引用（中文名启发式与真机反推均未命中）
CMSMB,工厂信息档,Plants,CMS,40,是,yf.oapi.plant.data.query.get,真机反推确证（node-table-map.csv，confidence=HIGH，type_key=plant）
CMSMC,仓库信息档,Warehouses,CMS,48,是,yf.oapi.warehouse.data.query.get,真机反推确证（node-table-map.csv，confidence=HIGH，type_key=warehouse）
CMSMD,工作中心信息单头档,Work Center Headers,CMS,47,是,yf.oapi.workstation.data.query.get,真机反推确证（node-table-map.csv，confidence=HIGH，type_key=workstation）
CMSME,部门信息档,Departments Table,CMS,39,否,,type_key `department` 节点均不可用（MA012/NONE），无实证
CMSMF,币种汇率档单头,Currency Exchange Rate Headers,CMS,40,否,,未被任何 type_key 引用（中文名启发式与真机反推均未命中）
CMSMG,币种汇率档单身,Currency Exchange Rate Lines,CMS,38,否,,未被任何 type_key 引用（中文名启发式与真机反推均未命中）
CMSMH,编码原则信息档,Coding Rules,CMS,39,否,,未被任何 type_key 引用（中文名启发式与真机反推均未命中）
CMSMI,假日表单头档,Plant Calendar Headers,CMS,34,否,,type_key `calendar` 节点均不可用（MA012/NONE），无实证
CMSMJ,职务类别档,Function Categories,CMS,34,否,,type_key `function.category` 节点均不可用（MA012/NONE），无实证
CMSMK,职务人员档,Function Staffs,CMS,35,否,,未被任何 type_key 引用（中文名启发式与真机反推均未命中）
CMSML,公司名称,Company Description,CMS,69,否,,未被任何 type_key 引用（中文名启发式与真机反推均未命中）
CMSMM,常用语,General Words,CMS,27,否,,未被任何 type_key 引用（中文名启发式与真机反推均未命中）
CMSMO,金融机构信息档,Financial Organizations,CMS,41,否,,type_key `financial.institution` 节点均不可用（MA012/NONE），无实证
CMSMP,假日表单身档,Plant Calendar Lines,CMS,37,否,,type_key `calendar` 节点均不可用（MA012/NONE），无实证
CMSMQ,各系统单据设置档,Document Types,CMS,124,否,,未被任何 type_key 引用（中文名启发式与真机反推均未命中）
CMSMR,交易对象分类方式档,Business Partner Categories,CMS,35,否,,未被任何 type_key 引用（中文名启发式与真机反推均未命中）
CMSMS,页脚/签核档,Footers/Signs,CMS,36,否,,未被任何 type_key 引用（中文名启发式与真机反推均未命中）
CMSMT,程序页脚/签核档,Footers/Signs by Procedure,CMS,37,否,,未被任何 type_key 引用（中文名启发式与真机反推均未命中）
CMSMU,单别限定输入用户信息档,Authorized Users by Document Type,CMS,33,否,,未被任何 type_key 引用（中文名启发式与真机反推均未命中）
CMSMV,员工基本信息档,Staffs,CMS,110,否,,未被任何 type_key 引用（中文名启发式与真机反推均未命中）
CMSMW,工艺档,Operations,CMS,39,是,yf.oapi.operation.data.query.get,真机反推确证（node-table-map.csv，confidence=HIGH，type_key=operation）
CMSMX,机器信息档,Machines,CMS,36,否,,未被任何 type_key 引用（中文名启发式与真机反推均未命中）
CMSMY,每日产能单头档,Daily Capacity Headers,CMS,37,否,,未被任何 type_key 引用（中文名启发式与真机反推均未命中）
CMSMZ,每日产能单身档,Daily Capacity Lines,CMS,36,否,,未被任何 type_key 引用（中文名启发式与真机反推均未命中）
CMSNA,付款条件档,Payment Terms,CMS,49,是,yf.oapi.receive.payment.term.data.query.get,真机反推确证（node-table-map.csv，confidence=HIGH，type_key=receive.payment.term）
CMSNB,开票规则信息,,CMS,31,否,,未被任何 type_key 引用（中文名启发式与真机反推均未命中）
CMSNE,账号对象信息档,Banks Inquiry,CMS,43,否,,未被任何 type_key 引用（中文名启发式与真机反推均未命中）
CMSNF,学校名称信息档,School Names,CMS,35,否,,未被任何 type_key 引用（中文名启发式与真机反推均未命中）
CMSNG,科系名称信息档,Department Descriptions,CMS,35,否,,未被任何 type_key 引用（中文名启发式与真机反推均未命中）
CMSNH,语言能力信息档,Language Abilities,CMS,33,否,,未被任何 type_key 引用（中文名启发式与真机反推均未命中）
CMSNI,仓库库位档,Warehouse Bins,CMS,37,否,,未被任何 type_key 引用（中文名启发式与真机反推均未命中）
CMSNJ,结算方式单头档,Settlement Method Headers,CMS,36,否,,未被任何 type_key 引用（中文名启发式与真机反推均未命中）
CMSNK,结算方式单身档,Settlement Method Lines,CMS,33,否,,未被任何 type_key 引用（中文名启发式与真机反推均未命中）
CMSNL,仓库检验点档,Warehouse Inspection Points,CMS,37,否,,未被任何 type_key 引用（中文名启发式与真机反推均未命中）
CMSNM,借款信用额度档,Borrowing Credit,CMS,39,否,,未被任何 type_key 引用（中文名启发式与真机反推均未命中）
CMSNN,参数表,Common Parameters,CMS,33,否,,未被任何 type_key 引用（中文名启发式与真机反推均未命中）
CMSNO,项目信息档,Project,CMS,33,是,yf.oapi.project.data.query.get,真机反推确证（node-table-map.csv，confidence=HIGH，type_key=project）
CMSNP,外联API参数设定档,,CMS,27,否,,未被任何 type_key 引用（中文名启发式与真机反推均未命中）
CMSNQ,国家/地区信息明细表,,CMS,29,否,,未被任何 type_key 引用（中文名启发式与真机反推均未命中）
CMSNR,城市信息明细表,,CMS,31,否,,未被任何 type_key 引用（中文名启发式与真机反推均未命中）
CMSNS,银行网点信息表,,CMS,32,否,,未被任何 type_key 引用（中文名启发式与真机反推均未命中）
CMSNT,设备云集成参数设定档,DTC Parameter Setup,CMS,28,否,,未被任何 type_key 引用（中文名启发式与真机反推均未命中）
CMSNU,用途类型信息表,,CMS,26,否,,未被任何 type_key 引用（中文名启发式与真机反推均未命中）
CMSNV,收支明细暂存档,,CMS,44,否,,未被任何 type_key 引用（中文名启发式与真机反推均未命中）
CMSNW,税盘信息档,,CMS,27,否,,未被任何 type_key 引用（中文名启发式与真机反推均未命中）
CMSNX,税收分类信息档,,CMS,32,否,,未被任何 type_key 引用（中文名启发式与真机反推均未命中）
CMSNY,税收政策信息档,,CMS,30,否,,未被任何 type_key 引用（中文名启发式与真机反推均未命中）
CMSNZ,税务发票参数信息,,CMS,35,否,,未被任何 type_key 引用（中文名启发式与真机反推均未命中）
CMSOA,上线向导单身,,CMS,36,否,,未被任何 type_key 引用（中文名启发式与真机反推均未命中）
CMSOB,上线向导单头,,CMS,25,否,,未被任何 type_key 引用（中文名启发式与真机反推均未命中）
CMSTZ,双档虚拟信息档,Virtual Data of Double Table,CMS,36,否,,未被任何 type_key 引用（中文名启发式与真机反推均未命中）
COPAA,合同单头信息档,Contract  Headers,COP,87,否,,未被任何 type_key 引用（中文名启发式与真机反推均未命中）
COPAB,合同单身信息档,Contract  Lines,COP,59,否,,未被任何 type_key 引用（中文名启发式与真机反推均未命中）
COPAC,合同变更单单头信息档,Contract Change Headers,COP,114,否,,未被任何 type_key 引用（中文名启发式与真机反推均未命中）
COPAD,合同变更单单身信息档,Contract Change Lines,COP,88,否,,未被任何 type_key 引用（中文名启发式与真机反推均未命中）
COPDA,装配清单单头档,Assembly List  Headers,COP,46,否,,未被任何 type_key 引用（中文名启发式与真机反推均未命中）
COPDB,装配清单单身档,Assembly List  Lines,COP,52,否,,未被任何 type_key 引用（中文名启发式与真机反推均未命中）
COPDC,客户订单子单身信息档,SO  Sub-lines,COP,45,否,,未被任何 type_key 引用（中文名启发式与真机反推均未命中）
COPDD,零组件发货/退回单单头信息档,Component Order/Return Headers,COP,43,否,,未被任何 type_key 引用（中文名启发式与真机反推均未命中）
COPDE,零组件发货/退回单单身信息档,Component Order/Return Lines,COP,48,否,,未被任何 type_key 引用（中文名启发式与真机反推均未命中）
COPDF,安装调试通知单信息档,Installation Notice,COP,64,否,,未被任何 type_key 引用（中文名启发式与真机反推均未命中）
COPDG,安装调试单头信息档,Installation Headers,COP,66,否,,未被任何 type_key 引用（中文名启发式与真机反推均未命中）
COPDH,安装调试单身费用明细信息档,Installation Lines Expense Details,COP,40,否,,未被任何 type_key 引用（中文名启发式与真机反推均未命中）
COPDI,安装调试机器信息档,Installation Machine  Lines,COP,37,否,,未被任何 type_key 引用（中文名启发式与真机反推均未命中）
COPEA,自动报价参数设置档,Automated Quotation Parameters  Settings,COP,57,否,,未被任何 type_key 引用（中文名启发式与真机反推均未命中）
COPEB,录入报价组成信息,Quotation Composition,COP,32,否,,未被任何 type_key 引用（中文名启发式与真机反推均未命中）
COPEC,自定义报价参数档,UDF Quotation Parameters,COP,42,否,,未被任何 type_key 引用（中文名启发式与真机反推均未命中）
COPED,录入参数值单头档,Parameters Headers,COP,36,否,,未被任何 type_key 引用（中文名启发式与真机反推均未命中）
COPEE,录入参数值单身档,Parameters Lines,COP,34,否,,未被任何 type_key 引用（中文名启发式与真机反推均未命中）
COPEF,报价分类单头档,Quotation Category Headers,COP,44,否,,未被任何 type_key 引用（中文名启发式与真机反推均未命中）
COPEG,报价分类单身档,Quotation Category Lines,COP,43,否,,未被任何 type_key 引用（中文名启发式与真机反推均未命中）
COPEH,报价分类子单身档,Quotation Category Sub-lines,COP,40,否,,未被任何 type_key 引用（中文名启发式与真机反推均未命中）
COPEI,报价分类总价折扣规则档,Quotation Category Amount Discount Rules,COP,35,否,,未被任何 type_key 引用（中文名启发式与真机反推均未命中）
COPEJ,报价权限单头档,Quotation Authority Headers,COP,34,否,,未被任何 type_key 引用（中文名启发式与真机反推均未命中）
COPEK,报价权限单身档,Quotation Category Lines,COP,34,否,,未被任何 type_key 引用（中文名启发式与真机反推均未命中）
COPEL,报价权限子单身档,Quotation Authority Sub-lines,COP,33,否,,未被任何 type_key 引用（中文名启发式与真机反推均未命中）
COPEM,录入自动报价单状态,Automated Quotation Status,COP,35,否,,未被任何 type_key 引用（中文名启发式与真机反推均未命中）
COPEN,自动报价单头档,Automated Quotation Headers,COP,81,否,,未被任何 type_key 引用（中文名启发式与真机反推均未命中）
COPEO,自动报价单身档,Automated Quotation Lines,COP,47,否,,未被任何 type_key 引用（中文名启发式与真机反推均未命中）
COPEP,自动报价子单身档,Automated Quotation Sub-lines,COP,38,否,,未被任何 type_key 引用（中文名启发式与真机反推均未命中）
COPEQ,自动报价子单头档,Automated Quotation Sub-headers,COP,47,否,,未被任何 type_key 引用（中文名启发式与真机反推均未命中）
COPER,报价分类参数信息子单头档,Quotation Category Parameters Sub-headers,COP,35,否,,未被任何 type_key 引用（中文名启发式与真机反推均未命中）
COPIA,分期收款信息单头,Installment Sales Headers,COP,59,否,,未被任何 type_key 引用（中文名启发式与真机反推均未命中）
COPIB,分期收款信息单身,Installment Sales Headers,COP,66,否,,未被任何 type_key 引用（中文名启发式与真机反推均未命中）
COPIC,分期收款变更信息单头,Installment Sales Change Headers,COP,78,否,,未被任何 type_key 引用（中文名启发式与真机反推均未命中）
COPID,分期收款变更信息单身,Installment Sales Change Lines,COP,94,否,,未被任何 type_key 引用（中文名启发式与真机反推均未命中）
COPMA,客户基本信息档,Customer Archivess,COP,141,是,yf.oapi.customer.data.query.get,真机反推确证（node-table-map.csv，confidence=HIGH，type_key=customer）
COPMB,客户商品价格单头信息档,Customer Price Headers,COP,47,是,yf.oapi.item.customer.price.query.get,真机反推确证（node-table-map.csv，confidence=HIGH，type_key=item.customer.price）
COPMC,客户商品价格单身信息档,Customer Price Lines,COP,40,否,,type_key `item.customer.price` 节点均不可用（MA012/NONE），无实证
COPMD,客户地址信息档,Customer Addresses,COP,40,否,,未被任何 type_key 引用（中文名启发式与真机反推均未命中）
COPME,销售预测单头信息档,Sales Forecast Headers,COP,43,是,yf.oapi.sales.forecast.data.query.get,真机反推确证（node-table-map.csv，confidence=HIGH，type_key=sales.forecast）
COPMF,销售预测单身信息档,Sales Forecast Lines,COP,44,否,,type_key `sales.forecast` 节点均不可用（MA012/NONE），无实证
COPMG,客户品号信息档,Customer Items,COP,36,是,yf.oapi.customer.item.data.query.get,真机反推确证（node-table-map.csv，confidence=HIGH，type_key=customer.item）
COPMH,信用控制参数设置档,Credit Control Parameters,COP,39,否,,未被任何 type_key 引用（中文名启发式与真机反推均未命中）
COPMI,客户赠备品单头信息档,Customer Largess/Standby Headers,COP,41,否,,未被任何 type_key 引用（中文名启发式与真机反推均未命中）
COPMJ,客户品号赠备品率单身档,Customer Item Largess/Standby Rate Lines,COP,38,否,,未被任何 type_key 引用（中文名启发式与真机反推均未命中）
COPMK,客户与仓库对照档,Customer And Warehouse Comparison,COP,32,否,,未被任何 type_key 引用（中文名启发式与真机反推均未命中）
COPML,预测维护单头档,Forecast Maintenance Headers,COP,33,否,,未被任何 type_key 引用（中文名启发式与真机反推均未命中）
COPMM,预测维护单身档,Forecast Maintenance Lines,COP,42,否,,未被任何 type_key 引用（中文名启发式与真机反推均未命中）
COPMN,零组件发货清单模版单头,Component Delivery List Templates Headers,COP,32,否,,未被任何 type_key 引用（中文名启发式与真机反推均未命中）
COPMO,零组件发货清单模版单身,Component Delivery List Templates Lines,COP,40,否,,未被任何 type_key 引用（中文名启发式与真机反推均未命中）
COPMP,预测参数档,Forecast Parameters,COP,32,否,,未被任何 type_key 引用（中文名启发式与真机反推均未命中）
COPTA,报价单单头档,Quotation Headers,COP,67,待确认,yf.oapi.quotation.data.query.get,实体未映射到物理表，但 type_key `quotation` 存在可用节点（ACCEPTED_NO_TABLE：节点有效、接口可调通，回参未含物理表名）；服务名仅供试探，不可作为确证
COPTB,报价单单身档,Quotation Lines,COP,63,待确认,yf.oapi.quotation.data.query.get,实体未映射到物理表，但 type_key `quotation` 存在可用节点（ACCEPTED_NO_TABLE：节点有效、接口可调通，回参未含物理表名）；服务名仅供试探，不可作为确证
COPTC,客户订单单头信息档,SO Headers,COP,105,否,,未被任何 type_key 引用（中文名启发式与真机反推均未命中）
COPTD,客户订单单身信息档,SO Lines,COP,94,否,,未被任何 type_key 引用（中文名启发式与真机反推均未命中）
COPTE,订单变更单头信息档,SO Change Headers,COP,155,否,,未被任何 type_key 引用（中文名启发式与真机反推均未命中）
COPTF,订单变更单身信息档,SO Change Lines,COP,136,否,,未被任何 type_key 引用（中文名启发式与真机反推均未命中）
COPTG,销货单单头档,Sales Delivery Headers,COP,101,待确认,yf.oapi.shipping.order.data.query.get,实体未映射到物理表，但 type_key `shipping.order` 存在可用节点（ACCEPTED_NO_TABLE：节点有效、接口可调通，回参未含物理表名）；服务名仅供试探，不可作为确证
COPTH,销货单单身档,Sales Delivery Lines,COP,94,待确认,yf.oapi.shipping.order.data.query.get,实体未映射到物理表，但 type_key `shipping.order` 存在可用节点（ACCEPTED_NO_TABLE：节点有效、接口可调通，回参未含物理表名）；服务名仅供试探，不可作为确证
COPTI,销退单单头档,Sales Return Headers,COP,89,是,yf.oapi.sales.return.data.query.get,真机反推确证（node-table-map.csv，confidence=HIGH，type_key=sales.return）
COPTJ,销退单单身档,Sales Return Lines,COP,101,否,,type_key `sales.return` 节点均不可用（MA012/NONE），无实证
COPTK,报价单单身明细档,Quotation Line Details,COP,37,待确认,yf.oapi.quotation.data.query.get,实体未映射到物理表，但 type_key `quotation` 存在可用节点（ACCEPTED_NO_TABLE：节点有效、接口可调通，回参未含物理表名）；服务名仅供试探，不可作为确证
COPTL,发票号码信息档,Invoice No.,COP,22,否,,未被任何 type_key 引用（中文名启发式与真机反推均未命中）
COPTM,订单选配档,Order Configurations,COP,41,否,,未被任何 type_key 引用（中文名启发式与真机反推均未命中）
COPTN,出货通知单头档,Delivery Notice Headers,COP,62,否,,未被任何 type_key 引用（中文名启发式与真机反推均未命中）
COPTO,出货通知单身,Delivery Notice Lines,COP,72,否,,未被任何 type_key 引用（中文名启发式与真机反推均未命中）
COPTP,订单变更选配档,Order Change Configurations,COP,56,否,,未被任何 type_key 引用（中文名启发式与真机反推均未命中）
COPTQ,产品配置单头档,Product Configuration Headers,COP,38,否,,未被任何 type_key 引用（中文名启发式与真机反推均未命中）
COPTR,产品配置单身档,Product Configuration Lines,COP,69,否,,未被任何 type_key 引用（中文名启发式与真机反推均未命中）
COPTS,客户信息变更单头档,Customer Change Headers,COP,54,否,,未被任何 type_key 引用（中文名启发式与真机反推均未命中）
COPTT,客户信息变更单身档,Customer Change Lines,COP,51,否,,未被任何 type_key 引用（中文名启发式与真机反推均未命中）
COPTU,客户地址变更信息档,Customer Address Change,COP,56,否,,未被任何 type_key 引用（中文名启发式与真机反推均未命中）
COPTV,产品配置分量损耗档,Product Configuration Loss By Quantity Lines,COP,37,否,,未被任何 type_key 引用（中文名启发式与真机反推均未命中）
CSTLA,标准成本月档,Standard Cost Monthly Archives,CST,43,否,,未被任何 type_key 引用（中文名启发式与真机反推均未命中）
CSTLB,标准成本差异重估维护档,Standard Cost Variances Revaluation,CST,37,否,,未被任何 type_key 引用（中文名启发式与真机反推均未命中）
CSTLC,成本年月低阶码档,Costs Y/M Low level Codes,CST,35,否,,未被任何 type_key 引用（中文名启发式与真机反推均未命中）
CSTMA,成本参数设置档,Cost Parameters,CST,85,否,,未被任何 type_key 引用（中文名启发式与真机反推均未命中）
CSTMB,工单工时档,MO Man/Machine-hours,CST,37,否,,未被任何 type_key 引用（中文名启发式与真机反推均未命中）
CSTMC,工作中心成本档,Work Center Costs,CST,40,否,,未被任何 type_key 引用（中文名启发式与真机反推均未命中）
CSTME,产品成本档,Item Costs,CST,44,否,,未被任何 type_key 引用（中文名启发式与真机反推均未命中）
CSTMF,联产品成本分摊比率档,Cost Apportionment Rates Of Co/By-Product,CST,34,否,,未被任何 type_key 引用（中文名启发式与真机反推均未命中）
CSTMG,成本计算条件设定档,Costing-mode Archivess,CST,43,否,,未被任何 type_key 引用（中文名启发式与真机反推均未命中）
CSTMH,本阶标准成本设定单头档,Costing-modes Information,CST,31,否,,未被任何 type_key 引用（中文名启发式与真机反推均未命中）
CSTMI,本阶标准成本设定单身档,Current Level Standard Cost Lines,CST,42,否,,未被任何 type_key 引用（中文名启发式与真机反推均未命中）
CSTMK,工单工作中心成本档,MO Costs by Work Center,CST,36,否,,未被任何 type_key 引用（中文名启发式与真机反推均未命中）
CSTTA,工单成本档,MO Costs,CST,70,否,,未被任何 type_key 引用（中文名启发式与真机反推均未命中）
CSTTB,工单成本差异分析档,MO Variance Costs Analysises,CST,99,否,,未被任何 type_key 引用（中文名启发式与真机反推均未命中）
CSTTG,每月标准单位成本,Std Unit Cost Per Month,CST,38,否,,未被任何 type_key 引用（中文名启发式与真机反推均未命中）
CUSMA,合同品号类别信息档,合同品号类别信息档,CUS,32,否,,未被任何 type_key 引用（中文名启发式与真机反推均未命中）
CUSMB,合同品号信息档,合同品号信息档,CUS,47,否,,未被任何 type_key 引用（中文名启发式与真机反推均未命中）
CUSMC,合同品号对照档,合同品号对照档,CUS,33,否,,未被任何 type_key 引用（中文名启发式与真机反推均未命中）
CUSMD,合同材料用量单头档,合同材料用量单头档,CUS,34,否,,未被任何 type_key 引用（中文名启发式与真机反推均未命中）
CUSME,合同材料用量单身档,合同材料用量单身档,CUS,36,否,,未被任何 type_key 引用（中文名启发式与真机反推均未命中）
CUSMF,保税交易代码单头档,保税交易代码单头档,CUS,33,否,,未被任何 type_key 引用（中文名启发式与真机反推均未命中）
CUSMG,保税交易代码单身档,保税交易代码单身档,CUS,32,否,,未被任何 type_key 引用（中文名启发式与真机反推均未命中）
CUSMH,征免性质基本信息档,征免性质基本信息档,CUS,33,否,,未被任何 type_key 引用（中文名启发式与真机反推均未命中）
CUSTA,合同信息单头档,合同信息单头档,CUS,46,否,,未被任何 type_key 引用（中文名启发式与真机反推均未命中）
CUSTB,合同成品信息单身档,合同成品信息单身档,CUS,55,否,,未被任何 type_key 引用（中文名启发式与真机反推均未命中）
CUSTC,合同材料信息单身档,合同材料信息单身档,CUS,60,否,,未被任何 type_key 引用（中文名启发式与真机反推均未命中）
CUSTD,合同信息变更单头档,合同信息变更单头档,CUS,43,否,,未被任何 type_key 引用（中文名启发式与真机反推均未命中）
CUSTE,合同成品信息变更单身档,合同成品信息变更单身档,CUS,41,否,,未被任何 type_key 引用（中文名启发式与真机反推均未命中）
CUSTF,合同材料信息变更单身档,合同材料信息变更单身档,CUS,41,否,,未被任何 type_key 引用（中文名启发式与真机反推均未命中）
CUSTG,合同信息结转单头档,合同信息结转单头档,CUS,41,否,,未被任何 type_key 引用（中文名启发式与真机反推均未命中）
CUSTH,合同成品信息结转单身档,合同成品信息结转单身档,CUS,42,否,,未被任何 type_key 引用（中文名启发式与真机反推均未命中）
CUSTI,合同材料信息结转单身档,合同材料信息结转单身档,CUS,43,否,,未被任何 type_key 引用（中文名启发式与真机反推均未命中）
CUSTJ,分手册单头档,分手册单头档,CUS,37,否,,未被任何 type_key 引用（中文名启发式与真机反推均未命中）
CUSTK,分手册成品单身档,分手册成品单身档,CUS,56,否,,未被任何 type_key 引用（中文名启发式与真机反推均未命中）
CUSTL,分手册材料单身档,分手册材料单身档,CUS,61,否,,未被任何 type_key 引用（中文名启发式与真机反推均未命中）
CUSTM,交易单据单头档,交易单据单头档,CUS,44,否,,未被任何 type_key 引用（中文名启发式与真机反推均未命中）
CUSTN,交易单据单身档,交易单据单身档,CUS,43,否,,未被任何 type_key 引用（中文名启发式与真机反推均未命中）
CUSTO,转厂申请单头档,转厂申请单头档,CUS,52,否,,未被任何 type_key 引用（中文名启发式与真机反推均未命中）
CUSTP,转厂申请单身档,转厂申请单身档,CUS,41,否,,未被任何 type_key 引用（中文名启发式与真机反推均未命中）
CUSTR,转厂维护单头档,转厂维护单头档,CUS,44,否,,未被任何 type_key 引用（中文名启发式与真机反推均未命中）
CUSTS,转厂维护单身档,转厂维护单身档,CUS,40,否,,未被任何 type_key 引用（中文名启发式与真机反推均未命中）
CUSTU,设备申请单头档,设备申请单头档,CUS,49,否,,未被任何 type_key 引用（中文名启发式与真机反推均未命中）
CUSTV,设备申请单身档,设备申请单身档,CUS,52,否,,未被任何 type_key 引用（中文名启发式与真机反推均未命中）
CUSTW,设备维护单头档,设备维护单头档,CUS,45,否,,未被任何 type_key 引用（中文名启发式与真机反推均未命中）
CUSTX,设备维护单身档,设备维护单身档,CUS,45,否,,未被任何 type_key 引用（中文名启发式与真机反推均未命中）
DHQMM,讯息档,,DHQ,32,否,,未被任何 type_key 引用（中文名启发式与真机反推均未命中）
DSCINTMA,系统参数设定,Systems Parameter Setup,DSC,29,否,,未被任何 type_key 引用（中文名启发式与真机反推均未命中）
DSCMA,登录者编号信息,Who posted information,DSC,33,否,,未被任何 type_key 引用（中文名启发式与真机反推均未命中）
DSCMB,公司编号信息,No. information companies,DSC,46,否,,未被任何 type_key 引用（中文名启发式与真机反推均未命中）
DSCMC,个案凭证/审核对照档,Cases Print/Approve Control,DSC,29,否,,未被任何 type_key 引用（中文名启发式与真机反推均未命中）
DSCMD,用户自定义设置档,User-Defined Settings,DSC,28,否,,未被任何 type_key 引用（中文名启发式与真机反推均未命中）
DSCME,密码安全策略单头档,Password Security Policy Headers,DSC,34,否,,未被任何 type_key 引用（中文名启发式与真机反推均未命中）
DSCMF,密码安全策略单身档,Password Security Policy Lines,DSC,27,否,,未被任何 type_key 引用（中文名启发式与真机反推均未命中）
DSCMG,用户历史密码记录,User Password Log,DSC,28,否,,未被任何 type_key 引用（中文名启发式与真机反推均未命中）
DSCTH,消息规则档,Message Regulation,DSC,33,否,,未被任何 type_key 引用（中文名启发式与真机反推均未命中）
DSCTK,日历消息列表档,Message Regulation,DSC,50,否,,未被任何 type_key 引用（中文名启发式与真机反推均未命中）
DXL,DXL测试,,COP,2,否,,未被任何 type_key 引用（中文名启发式与真机反推均未命中）
EFJOBQUE,凭证队列信息档,EasyFlow JobQueue,EFJ,39,否,,未被任何 type_key 引用（中文名启发式与真机反推均未命中）
EFSMC,电子签核传输栏位设置单头档,Documents configuration For easyflow Header,EFS,41,否,,未被任何 type_key 引用（中文名启发式与真机反推均未命中）
EFSMD,电子签核传输栏位设置单身档,Documents configuration For easyflow Line,EFS,39,否,,未被任何 type_key 引用（中文名启发式与真机反推均未命中）
EFSME,电子签核送签信息记录档,EasyFlow Result Log,EFS,33,否,,未被任何 type_key 引用（中文名启发式与真机反推均未命中）
EISLA,财务信息汇总档,财务信息汇总档,EIS,70,否,,未被任何 type_key 引用（中文名启发式与真机反推均未命中）
EISLB,存货分析信息汇总档,存货分析信息汇总档,EIS,53,否,,未被任何 type_key 引用（中文名启发式与真机反推均未命中）
EISLC,盘盈盘亏分析信息汇总档,,EIS,53,否,,未被任何 type_key 引用（中文名启发式与真机反推均未命中）
EISLD,采购分析信息汇总档,采购分析信息汇总档,EIS,64,否,,未被任何 type_key 引用（中文名启发式与真机反推均未命中）
EISLE,工单分析信息汇总档,工单分析信息汇总档,EIS,52,否,,未被任何 type_key 引用（中文名启发式与真机反推均未命中）
EISLF,工作中心分析信息汇总档,工作中心分析信息汇总档,EIS,37,否,,未被任何 type_key 引用（中文名启发式与真机反推均未命中）
EISLG,产品成本分析信息汇总档,产品成本分析信息汇总档,EIS,50,否,,未被任何 type_key 引用（中文名启发式与真机反推均未命中）
EISLH,委外加工分析信息汇总档,委外加工分析信息汇总档,EIS,58,否,,未被任何 type_key 引用（中文名启发式与真机反推均未命中）
EISLI,应收账款账龄分析汇总档,应收账款账龄分析汇总档,EIS,59,否,,未被任何 type_key 引用（中文名启发式与真机反推均未命中）
EISLJ,人事薪资出勤信息汇总档,人事薪资出勤信息汇总档,EIS,48,否,,未被任何 type_key 引用（中文名启发式与真机反推均未命中）
EPSMA,出口费用编号信息档,出口费用编号信息档,EPS,35,否,,未被任何 type_key 引用（中文名启发式与真机反推均未命中）
EPSMB,商品包装信息单头,商品包装信息单头,EPS,35,否,,未被任何 type_key 引用（中文名启发式与真机反推均未命中）
EPSMC,商品包装信息单身,商品包装信息单身,EPS,45,否,,未被任何 type_key 引用（中文名启发式与真机反推均未命中）
EPSMD,客户唛头信息,客户唛头信息,EPS,37,否,,未被任何 type_key 引用（中文名启发式与真机反推均未命中）
EPSTA,出货通知单头,出货通知单头,EPS,109,否,,未被任何 type_key 引用（中文名启发式与真机反推均未命中）
EPSTB,出货通知单身,出货通知单身,EPS,73,否,,未被任何 type_key 引用（中文名启发式与真机反推均未命中）
EPSTC,包装明细信息档,包装明细信息档,EPS,67,否,,未被任何 type_key 引用（中文名启发式与真机反推均未命中）
EPSTD,货运通知单头,货运通知单头,EPS,50,否,,未被任何 type_key 引用（中文名启发式与真机反推均未命中）
EPSTE,货运通知单身,货运通知单身,EPS,45,否,,未被任何 type_key 引用（中文名启发式与真机反推均未命中）
EPSTF,信用证信息单头,信用证信息单头,EPS,57,否,,未被任何 type_key 引用（中文名启发式与真机反推均未命中）
EPSTG,信用证信息单身,信用证信息单身,EPS,37,否,,未被任何 type_key 引用（中文名启发式与真机反推均未命中）
EPSTH,出口费用信息单头档,出口费用信息单头档,EPS,54,否,,未被任何 type_key 引用（中文名启发式与真机反推均未命中）
EPSTI,出口费用信息单身档,出口费用信息单身档,EPS,49,否,,未被任何 type_key 引用（中文名启发式与真机反推均未命中）
EQTMA,设备管理参数档,,EQT,45,否,,未被任何 type_key 引用（中文名启发式与真机反推均未命中）
EQTMB,设备类别档,,EQT,33,否,,未被任何 type_key 引用（中文名启发式与真机反推均未命中）
EQTMC,设备型号档,,EQT,48,否,,未被任何 type_key 引用（中文名启发式与真机反推均未命中）
EQTMD,型号属性档,,EQT,38,否,,未被任何 type_key 引用（中文名启发式与真机反推均未命中）
EQTME,备件信息档,,EQT,37,否,,未被任何 type_key 引用（中文名启发式与真机反推均未命中）
EQTMF,周期信息单头档,,EQT,39,否,,未被任何 type_key 引用（中文名启发式与真机反推均未命中）
EQTMG,周期信息单身档,,EQT,35,否,,未被任何 type_key 引用（中文名启发式与真机反推均未命中）
EQTMH,设备处理结果定义档,,EQT,34,否,,未被任何 type_key 引用（中文名启发式与真机反推均未命中）
EQTMI,设备状态定义档,,EQT,35,否,,未被任何 type_key 引用（中文名启发式与真机反推均未命中）
EQTMJ,设备信息档,,EQT,79,否,,未被任何 type_key 引用（中文名启发式与真机反推均未命中）
EQTML,设备保修方案档,,EQT,60,否,,未被任何 type_key 引用（中文名启发式与真机反推均未命中）
EQTMM,设备属性档,,EQT,38,否,,未被任何 type_key 引用（中文名启发式与真机反推均未命中）
EQTMN,保修方案定义单头档,,EQT,44,否,,未被任何 type_key 引用（中文名启发式与真机反推均未命中）
EQTMP,保修方案定义单身档,,EQT,39,否,,未被任何 type_key 引用（中文名启发式与真机反推均未命中）
EQTMQ,保修方案料件需求档,,EQT,40,否,,未被任何 type_key 引用（中文名启发式与真机反推均未命中）
EQTMR,故障类别档,,EQT,33,否,,未被任何 type_key 引用（中文名启发式与真机反推均未命中）
EQTMS,故障代码档,,EQT,35,否,,未被任何 type_key 引用（中文名启发式与真机反推均未命中）
EQTTA,送检单单头档,,EQT,46,否,,未被任何 type_key 引用（中文名启发式与真机反推均未命中）
EQTTB,送检单单身档,,EQT,59,否,,未被任何 type_key 引用（中文名启发式与真机反推均未命中）
EQTTC,送检返还单单头档,,EQT,43,否,,未被任何 type_key 引用（中文名启发式与真机反推均未命中）
EQTTD,送检返还单单身档,,EQT,69,否,,未被任何 type_key 引用（中文名启发式与真机反推均未命中）
EQTTE,保修单单头档,,EQT,88,否,,未被任何 type_key 引用（中文名启发式与真机反推均未命中）
EQTTF,保修单单身档,,EQT,42,否,,未被任何 type_key 引用（中文名启发式与真机反推均未命中）
EQTTG,保修单料件需求档,,EQT,41,否,,未被任何 type_key 引用（中文名启发式与真机反推均未命中）
EQTTJ,设备变更档,,EQT,62,否,,未被任何 type_key 引用（中文名启发式与真机反推均未命中）
EQTTK,运行记录单头档,,EQT,41,否,,未被任何 type_key 引用（中文名启发式与真机反推均未命中）
EQTTL,运行记录单身档,,EQT,51,否,,未被任何 type_key 引用（中文名启发式与真机反推均未命中）
EQTTM,故障记录单头档,,EQT,41,否,,未被任何 type_key 引用（中文名启发式与真机反推均未命中）
EQTTN,故障记录单身档,,EQT,52,否,,未被任何 type_key 引用（中文名启发式与真机反推均未命中）
EQTTO,产品模具关系单头档,,EQT,34,否,,未被任何 type_key 引用（中文名启发式与真机反推均未命中）
EQTTP,产品模具关系单身档,,EQT,37,否,,未被任何 type_key 引用（中文名启发式与真机反推均未命中）
EQTTQ,工单模具关系信息档,,EQT,38,否,,未被任何 type_key 引用（中文名启发式与真机反推均未命中）
EQTTR,工单模具关系子单身档,,EQT,40,否,,未被任何 type_key 引用（中文名启发式与真机反推均未命中）
EQTTS,领用单单头档,,EQT,41,否,,未被任何 type_key 引用（中文名启发式与真机反推均未命中）
EQTTT,领用单单身档,,EQT,47,否,,未被任何 type_key 引用（中文名启发式与真机反推均未命中）
EQTTU,归还单单头档,,EQT,41,否,,未被任何 type_key 引用（中文名启发式与真机反推均未命中）
EQTTV,归还单单身档,,EQT,47,否,,未被任何 type_key 引用（中文名启发式与真机反推均未命中）
EQTTW,进货单模具关系信息档,,EQT,39,否,,未被任何 type_key 引用（中文名启发式与真机反推均未命中）
EQTTX,进货单模具关系子单身档,,EQT,41,否,,未被任何 type_key 引用（中文名启发式与真机反推均未命中）
FACMA,银行对账单引入格式单头档,银行对账单引入格式单头档,FAC,45,否,,未被任何 type_key 引用（中文名启发式与真机反推均未命中）
FACMB,银行对账单引入格式单身档,银行对账单引入格式单身档,FAC,36,否,,未被任何 type_key 引用（中文名启发式与真机反推均未命中）
FACTA,银行对账单单头档,银行对账单单头档,FAC,36,否,,未被任何 type_key 引用（中文名启发式与真机反推均未命中）
FACTB,银行对账单单身档,银行对账单单身档,FAC,43,否,,未被任何 type_key 引用（中文名启发式与真机反推均未命中）
FACTC,银行存款日记账单头档,银行存款日记账单头档,FAC,38,否,,未被任何 type_key 引用（中文名启发式与真机反推均未命中）
FACTD,银行存款日记账单身档,银行存款日记账单身档,FAC,49,否,,未被任何 type_key 引用（中文名启发式与真机反推均未命中）
FACTE,银行存款余额调节单头档,银行存款余额调节单头档,FAC,41,否,,未被任何 type_key 引用（中文名启发式与真机反推均未命中）
FACTF,银行未达余额调节单身档,银行未达余额调节单身档,FAC,49,否,,未被任何 type_key 引用（中文名启发式与真机反推均未命中）
FACTG,企业未达余额调节单身档,企业未达余额调节单身档,FAC,44,否,,未被任何 type_key 引用（中文名启发式与真机反推均未命中）
FCSMA,合并报表参数设置档,合并报表参数设置档,FCS,33,否,,未被任何 type_key 引用（中文名启发式与真机反推均未命中）
FCSMB,子公司信息档,子公司信息档,FCS,36,否,,未被任何 type_key 引用（中文名启发式与真机反推均未命中）
FCSMC,合并报表项目单头档,合并报表项目单头档,FCS,32,否,,未被任何 type_key 引用（中文名启发式与真机反推均未命中）
FCSMD,合并报表项目单身档,合并报表项目单身档,FCS,36,否,,未被任何 type_key 引用（中文名启发式与真机反推均未命中）
FCSME,合并报表项目子单身档,合并报表项目子单身档,FCS,35,否,,未被任何 type_key 引用（中文名启发式与真机反推均未命中）
FCSMF,抵销平衡式档,抵销平衡式档,FCS,34,否,,未被任何 type_key 引用（中文名启发式与真机反推均未命中）
FCSTA,合并报表结构单头档,合并报表结构单头档,FCS,34,否,,未被任何 type_key 引用（中文名启发式与真机反推均未命中）
FCSTB,合并报表结构单身档,合并报表结构单身档,FCS,49,否,,未被任何 type_key 引用（中文名启发式与真机反推均未命中）
FCSTC,公司报表项目数据单头档,公司报表项目数据单头档,FCS,39,否,,未被任何 type_key 引用（中文名启发式与真机反推均未命中）
FCSTD,公司报表项目数据单身档,公司报表项目数据单身档,FCS,39,否,,未被任何 type_key 引用（中文名启发式与真机反推均未命中）
FCSTE,个别报表项目数据单头档,个别报表项目数据单头档,FCS,38,否,,未被任何 type_key 引用（中文名启发式与真机反推均未命中）
FCSTF,个别报表项目数据单身档,个别报表项目数据单身档,FCS,38,否,,未被任何 type_key 引用（中文名启发式与真机反推均未命中）
FCSTG,抵销分录单头档,抵销分录单头档,FCS,36,否,,未被任何 type_key 引用（中文名启发式与真机反推均未命中）
FCSTH,抵销分录单身档,抵销分录单身档,FCS,39,否,,未被任何 type_key 引用（中文名启发式与真机反推均未命中）
FCSTI,工作底稿档,工作底稿档,FCS,39,否,,未被任何 type_key 引用（中文名启发式与真机反推均未命中）
FTSLA,文档传输记录档,文档传输记录档,FTS,35,否,,未被任何 type_key 引用（中文名启发式与真机反推均未命中）
FTSMA,传输对象信息档,传输对象信息档,FTS,49,否,,未被任何 type_key 引用（中文名启发式与真机反推均未命中）
FTSMB,文档传输设置档,文档传输设置档,FTS,35,否,,未被任何 type_key 引用（中文名启发式与真机反推均未命中）
GFCLA,集团会计科目各期汇总档,Group Periodical Summaries of Account Code,GFC,48,否,,未被任何 type_key 引用（中文名启发式与真机反推均未命中）
GFCLB,集团费用预算数汇总档,,GFC,51,否,,未被任何 type_key 引用（中文名启发式与真机反推均未命中）
GFCLC,集团现金流量表项目维护档,Cash Flow Statement Items,GFC,51,否,,未被任何 type_key 引用（中文名启发式与真机反推均未命中）
GFCLD,集团现金流量调整金额单头档,Amount Adjustment Headers of Cash Flow Statement,GFC,35,否,,未被任何 type_key 引用（中文名启发式与真机反推均未命中）
GFCLE,集团现金流量调整金额单身档,Amount Adjustment Lines of Cash Flow Statement,GFC,38,否,,未被任何 type_key 引用（中文名启发式与真机反推均未命中）
GFCMA,组织结构版本信息档,,GFC,34,否,,未被任何 type_key 引用（中文名启发式与真机反推均未命中）
GFCMB,集团组织成员信息档,,GFC,41,否,,未被任何 type_key 引用（中文名启发式与真机反推均未命中）
GFCMC,集团组织成员关系档,,GFC,37,否,,未被任何 type_key 引用（中文名启发式与真机反推均未命中）
GFCMD,集团科目部门人员设置档,,GFC,41,否,,未被任何 type_key 引用（中文名启发式与真机反推均未命中）
GFCME,集团基础资料发布/凭证数据收集LOG档,,GFC,38,否,,未被任何 type_key 引用（中文名启发式与真机反推均未命中）
GFCMK,集团费用设置档,,GFC,48,否,,未被任何 type_key 引用（中文名启发式与真机反推均未命中）
GFCTA,集团会计凭证单头档,Group Account Voucher Headers,GFC,58,否,,未被任何 type_key 引用（中文名启发式与真机反推均未命中）
GFCTB,集团会计凭证单身档,Group Account Voucher Lines,GFC,58,否,,未被任何 type_key 引用（中文名启发式与真机反推均未命中）
GFCTC,集团抵销分录单头档,抵销分录单头档,GFC,39,否,,未被任何 type_key 引用（中文名启发式与真机反推均未命中）
GFCTD,集团抵销分录单身档,抵销分录单身档,GFC,40,否,,未被任何 type_key 引用（中文名启发式与真机反推均未命中）
GFCTE,集团费用预算单头档,,GFC,48,否,,未被任何 type_key 引用（中文名启发式与真机反推均未命中）
GFCTF,集团费用预算单身档,,GFC,41,否,,未被任何 type_key 引用（中文名启发式与真机反推均未命中）
GFCTG,集团费用预算分期明细档,,GFC,40,否,,未被任何 type_key 引用（中文名启发式与真机反推均未命中）
GFCTH,集团费用预算调整单头档,,GFC,48,否,,未被任何 type_key 引用（中文名启发式与真机反推均未命中）
GFCTI,集团费用预算调整单身档,,GFC,45,否,,未被任何 type_key 引用（中文名启发式与真机反推均未命中）
GFCTJ,集团费用预算调整分期明细档,,GFC,43,否,,未被任何 type_key 引用（中文名启发式与真机反推均未命中）
GFCTN,集团费用报销单单头档,,GFC,70,否,,未被任何 type_key 引用（中文名启发式与真机反推均未命中）
GFCTO,集团费用报销单单身档,,GFC,35,否,,未被任何 type_key 引用（中文名启发式与真机反推均未命中）
GFCTP,集团费用调整单头档,,GFC,55,否,,未被任何 type_key 引用（中文名启发式与真机反推均未命中）
GFCTQ,集团费用调整单身档,,GFC,45,否,,未被任何 type_key 引用（中文名启发式与真机反推均未命中）
GHXA,借出入归还模块中间表,,GHX,51,否,,未被任何 type_key 引用（中文名启发式与真机反推均未命中）
GMPMA,设置GMP参数信息档,设置GMP参数信息档,GMP,99,否,,未被任何 type_key 引用（中文名启发式与真机反推均未命中）
GMPMB,检验周期单头信息档,检验周期单头信息档,GMP,37,否,,未被任何 type_key 引用（中文名启发式与真机反推均未命中）
GMPMC,检验周期单身信息档,检验周期单身信息档,GMP,35,否,,未被任何 type_key 引用（中文名启发式与真机反推均未命中）
GMPMD,洁净室等级信息档,洁净室等级信息档,GMP,35,否,,未被任何 type_key 引用（中文名启发式与真机反推均未命中）
GMPME,录入洁净室信息档,录入洁净室信息档,GMP,45,否,,未被任何 type_key 引用（中文名启发式与真机反推均未命中）
GMPMF,工艺用水类别检验项目单头信息档,工艺用水类别检验项目单头,GMP,39,否,,未被任何 type_key 引用（中文名启发式与真机反推均未命中）
GMPMG,工艺用水类别检验项目单身信息档,工艺用水类别检验项目单身,GMP,38,否,,未被任何 type_key 引用（中文名启发式与真机反推均未命中）
GMPTA,洁净室检验单信息档,洁净室检验单信息档,GMP,62,否,,未被任何 type_key 引用（中文名启发式与真机反推均未命中）
GMPTB,工艺用水检验单单头信息档,工艺用水检验单单头信息档,GMP,52,否,,未被任何 type_key 引用（中文名启发式与真机反推均未命中）
GMPTC,工艺用水检验单单身信息档,工艺用水检验单单身信息档,GMP,41,否,,未被任何 type_key 引用（中文名启发式与真机反推均未命中）
GMPTD,清场记录单信息档,清场记录单信息档,GMP,58,否,,未被任何 type_key 引用（中文名启发式与真机反推均未命中）
GMPTE,准产证信息档,准产证信息档,GMP,51,否,,未被任何 type_key 引用（中文名启发式与真机反推均未命中）
GMPTF,批生产记录审核信息单头档,批生产记录审核信息单头档,GMP,70,否,,未被任何 type_key 引用（中文名启发式与真机反推均未命中）
GMPTG,批生产记录审核信息单身档,批生产记录审核信息单身档,GMP,43,否,,未被任何 type_key 引用（中文名启发式与真机反推均未命中）
GMPTH,留样单信息档,留样单信息档,GMP,69,否,,未被任何 type_key 引用（中文名启发式与真机反推均未命中）
GMPTI,留样检验单头信息档,留样检验单头信息档,GMP,68,否,,未被任何 type_key 引用（中文名启发式与真机反推均未命中）
GMPTJ,留样检验单身信息档,留样检验单身信息档,GMP,52,否,,未被任何 type_key 引用（中文名启发式与真机反推均未命中）
GMPTK,留样检验单不良原因档,留样检验单不良原因档,GMP,37,否,,未被任何 type_key 引用（中文名启发式与真机反推均未命中）
GMPTL,养护检验单头信息档,养护检验单头信息档,GMP,70,否,,未被任何 type_key 引用（中文名启发式与真机反推均未命中）
GMPTM,养护检验单身信息档,养护检验单身信息档,GMP,52,否,,未被任何 type_key 引用（中文名启发式与真机反推均未命中）
GMPTN,养护检验单不良原因档,养护检验单不良原因档,GMP,37,否,,未被任何 type_key 引用（中文名启发式与真机反推均未命中）
GSPMA,GSP系统参数档,GSP系统参数档,GSP,35,否,,未被任何 type_key 引用（中文名启发式与真机反推均未命中）
GSPMB,药检所信息,药检所信息,GSP,40,否,,未被任何 type_key 引用（中文名启发式与真机反推均未命中）
GSPMC,仪器设备信息档,仪器设备信息档,GSP,46,否,,未被任何 type_key 引用（中文名启发式与真机反推均未命中）
GSPMD,审批材料单头档,审批材料单头档,GSP,33,否,,未被任何 type_key 引用（中文名启发式与真机反推均未命中）
GSPME,审批材料单身档,审批材料单身档,GSP,33,否,,未被任何 type_key 引用（中文名启发式与真机反推均未命中）
GSPTA,首营企业审批档,首营企业审批档,GSP,50,否,,未被任何 type_key 引用（中文名启发式与真机反推均未命中）
GSPTB,首营品种审批档,首营品种审批档,GSP,49,否,,未被任何 type_key 引用（中文名启发式与真机反推均未命中）
GSPTC,进货检验信息档,进货检验信息档,GSP,73,否,,未被任何 type_key 引用（中文名启发式与真机反推均未命中）
GSPTD,抽送检单信息档,抽送检单信息档,GSP,54,否,,未被任何 type_key 引用（中文名启发式与真机反推均未命中）
GSPTE,质量复检通知单信息档,质量复检通知单信息档,GSP,49,否,,未被任何 type_key 引用（中文名启发式与真机反推均未命中）
GSPTF,药品停售通知单单头信息档,药品停售通知单单头信息档,GSP,48,否,,未被任何 type_key 引用（中文名启发式与真机反推均未命中）
GSPTG,药品停售通知单单身信息档,药品停售通知单单身信息档,GSP,37,否,,未被任何 type_key 引用（中文名启发式与真机反推均未命中）
GSPTH,客户限销商品单头信息档,客户限销商品单头信息档,GSP,42,否,,未被任何 type_key 引用（中文名启发式与真机反推均未命中）
GSPTI,客户限销商品单身信息档,客户限销商品单身信息档,GSP,35,否,,未被任何 type_key 引用（中文名启发式与真机反推均未命中）
GSPTJ,员工限销商品单头信息档,员工限销商品单头信息档,GSP,42,否,,未被任何 type_key 引用（中文名启发式与真机反推均未命中）
GSPTK,员工限销商品单身信息档,员工限销商品单身信息档,GSP,35,否,,未被任何 type_key 引用（中文名启发式与真机反推均未命中）
GSPTL,药品养护记录单头档,药品养护记录单头档,GSP,42,否,,未被任何 type_key 引用（中文名启发式与真机反推均未命中）
GSPTM,药品养护记录单身档,药品养护记录单身档,GSP,60,否,,未被任何 type_key 引用（中文名启发式与真机反推均未命中）
GSPTN,仓库温湿度记录档,仓库温湿度记录档,GSP,53,否,,未被任何 type_key 引用（中文名启发式与真机反推均未命中）
GSPTO,设备养护使用记录单头档,设备养护使用记录单头档,GSP,34,否,,未被任何 type_key 引用（中文名启发式与真机反推均未命中）
GSPTP,设备养护使用记录单身档,设备养护使用记录单身档,GSP,43,否,,未被任何 type_key 引用（中文名启发式与真机反推均未命中）
GSPTQ,报损药品销毁单单头档,报损药品销毁单单头档,GSP,44,否,,未被任何 type_key 引用（中文名启发式与真机反推均未命中）
GSPTR,报损药品销毁单单身档,报损药品销毁单单身档,GSP,45,否,,未被任何 type_key 引用（中文名启发式与真机反推均未命中）
GSPTS,商品质量查询反馈档,商品质量查询反馈档,GSP,54,否,,未被任何 type_key 引用（中文名启发式与真机反推均未命中）
GSPTT,用户质量查询/投诉档,用户质量查询/投诉档,GSP,57,否,,未被任何 type_key 引用（中文名启发式与真机反推均未命中）
GSPTU,仓库温湿度记录单身档,仓库温湿度记录单身档,GSP,45,否,,未被任何 type_key 引用（中文名启发式与真机反推均未命中）
HRSMB,人力资源参数设定档,人力资源参数设定档,HRS,36,否,,未被任何 type_key 引用（中文名启发式与真机反推均未命中）
HRSMC,费用信息档,费用信息档,HRS,34,否,,未被任何 type_key 引用（中文名启发式与真机反推均未命中）
HRSMD,部门人力预算单头档,部门人力预算单头档,HRS,36,否,,未被任何 type_key 引用（中文名启发式与真机反推均未命中）
HRSME,部门人力预算单身档,部门人力预算单身档,HRS,40,否,,未被任何 type_key 引用（中文名启发式与真机反推均未命中）
HRSMF,评价因素资料档,评价因素资料档,HRS,36,否,,未被任何 type_key 引用（中文名启发式与真机反推均未命中）
HRSMG,部门职务评价因素设定单头,部门职务评价因素设定单头,HRS,35,否,,未被任何 type_key 引用（中文名启发式与真机反推均未命中）
HRSMH,部门职务评价因素设定单身,部门职务评价因素设定单身,HRS,38,否,,未被任何 type_key 引用（中文名启发式与真机反推均未命中）
HRSMI,课程分类档,课程分类档,HRS,33,否,,未被任何 type_key 引用（中文名启发式与真机反推均未命中）
HRSMJ,课程信息单头档,课程信息单头档,HRS,36,否,,未被任何 type_key 引用（中文名启发式与真机反推均未命中）
HRSMK,培训信息档,培训信息档,HRS,33,否,,未被任何 type_key 引用（中文名启发式与真机反推均未命中）
HRSML,场地分类资料档,场地分类资料档,HRS,33,否,,未被任何 type_key 引用（中文名启发式与真机反推均未命中）
HRSMM,场地信息档,场地信息档,HRS,43,否,,未被任何 type_key 引用（中文名启发式与真机反推均未命中）
HRSMN,讲师资料档,讲师资料档,HRS,52,否,,未被任何 type_key 引用（中文名启发式与真机反推均未命中）
HRSMO,年度培训计划单头档,年度培训计划单头档,HRS,50,否,,未被任何 type_key 引用（中文名启发式与真机反推均未命中）
HRSMP,年度培训计划单身档,年度培训计划单身档,HRS,40,否,,未被任何 type_key 引用（中文名启发式与真机反推均未命中）
HRSMQ,培训经费预算单头档,培训经费预算单头档,HRS,37,否,,未被任何 type_key 引用（中文名启发式与真机反推均未命中）
HRSMR,培训经费预算单身档,培训经费预算单身档,HRS,38,否,,未被任何 type_key 引用（中文名启发式与真机反推均未命中）
HRSMS,课程信息单身档,课程信息单身档,HRS,35,否,,未被任何 type_key 引用（中文名启发式与真机反推均未命中）
HRSMT,教育培训编码原则资料档,教育培训编码原则资料档,HRS,35,否,,未被任何 type_key 引用（中文名启发式与真机反推均未命中）
HRSMV,人才来源信息档,,HRS,33,否,,未被任何 type_key 引用（中文名启发式与真机反推均未命中）
HRSMX,专案信息档,专案信息档,HRS,33,否,,未被任何 type_key 引用（中文名启发式与真机反推均未命中）
HRSTA,人才资料档,人才资料档,HRS,78,否,,未被任何 type_key 引用（中文名启发式与真机反推均未命中）
HRSTB,人员教育经历档,人员教育经历档,HRS,47,否,,未被任何 type_key 引用（中文名启发式与真机反推均未命中）
HRSTC,人员工作经验档,人员工作经验档,HRS,48,否,,未被任何 type_key 引用（中文名启发式与真机反推均未命中）
HRSTD,人员特长和技能档,人员特长和技能档,HRS,34,否,,未被任何 type_key 引用（中文名启发式与真机反推均未命中）
HRSTE,人员语言能力档,人员语言能力档,HRS,40,否,,未被任何 type_key 引用（中文名启发式与真机反推均未命中）
HRSTF,人员证书档,人员证书档,HRS,38,否,,未被任何 type_key 引用（中文名启发式与真机反推均未命中）
HRSTG,人力需求申请单单头资料档,人力需求申请单单头资料档,HRS,40,否,,未被任何 type_key 引用（中文名启发式与真机反推均未命中）
HRSTH,应试记录单头档,应试记录单头档,HRS,53,否,,未被任何 type_key 引用（中文名启发式与真机反推均未命中）
HRSTI,应试记录单身档,应试记录单身档,HRS,41,否,,未被任何 type_key 引用（中文名启发式与真机反推均未命中）
HRSTJ,录用人员资料维护档,录用人员资料维护档,HRS,91,否,,未被任何 type_key 引用（中文名启发式与真机反推均未命中）
HRSTK,培训申请资料单头档,培训申请资料单头档,HRS,81,否,,未被任何 type_key 引用（中文名启发式与真机反推均未命中）
HRSTL,培训申请资料单身档,培训申请资料单身档,HRS,42,否,,未被任何 type_key 引用（中文名启发式与真机反推均未命中）
HRSTM,培训申请子单头档,培训申请子单头档,HRS,40,否,,未被任何 type_key 引用（中文名启发式与真机反推均未命中）
HRSTN,培训结果单头档,培训结果单头档,HRS,69,否,,未被任何 type_key 引用（中文名启发式与真机反推均未命中）
HRSTO,培训结果单身档,培训结果单身档,HRS,53,否,,未被任何 type_key 引用（中文名启发式与真机反推均未命中）
HRSTP,培训结果费用分摊单头档,培训结果费用分摊单头档,HRS,40,否,,未被任何 type_key 引用（中文名启发式与真机反推均未命中）
HRSTQ,培训结果费用分摊单身档,培训结果费用分摊单身档,HRS,38,否,,未被任何 type_key 引用（中文名启发式与真机反推均未命中）
HRSTR,家庭成员基本资料档,家庭成员基本资料档,HRS,39,否,,未被任何 type_key 引用（中文名启发式与真机反推均未命中）
HRSTU,项目经验档,项目经验档,HRS,38,否,,未被任何 type_key 引用（中文名启发式与真机反推均未命中）
HRSTV,人力需求申请单单身资料档,人力需求申请单单身资料档,HRS,57,否,,未被任何 type_key 引用（中文名启发式与真机反推均未命中）
HRSTW,人力需求申请变更单单单头资料档,人力需求申请变更单单单头,HRS,54,否,,未被任何 type_key 引用（中文名启发式与真机反推均未命中）
HRSTX,人力需求申请单单身资料档,人力需求申请单单身资料档,HRS,85,否,,未被任何 type_key 引用（中文名启发式与真机反推均未命中）
INTLA,品号记录档,Items,INT,35,否,,type_key `item` 节点均不可用（MA012/NONE），无实证
INTLB,品号计量单位记录档,Item Units,INT,36,否,,未被任何 type_key 引用（中文名启发式与真机反推均未命中）
INTLC,币种记录档,Currencies,INT,35,否,,type_key `currency` 节点均不可用（MA012/NONE），无实证
INTLD,职员记录档,Staffs,INT,35,否,,未被任何 type_key 引用（中文名启发式与真机反推均未命中）
INTLE,客户记录档,Customers,INT,35,否,,type_key `customer` 节点均不可用（MA012/NONE），无实证
INTLF,订单变更记录档,SOChanges,INT,36,否,,未被任何 type_key 引用（中文名启发式与真机反推均未命中）
INTLG,订单记录档,Sales Orders,INT,36,否,,未被任何 type_key 引用（中文名启发式与真机反推均未命中）
INTLH,班组记录档,Shifts,INT,36,否,,未被任何 type_key 引用（中文名启发式与真机反推均未命中）
INTLI,计件明细记录档,OperationReports,INT,36,否,,未被任何 type_key 引用（中文名启发式与真机反推均未命中）
INTLJ,BOM变更单头记录档,OperationReports,INT,38,否,,未被任何 type_key 引用（中文名启发式与真机反推均未命中）
INTLK,BOM变更单身记录档,OperationReports,INT,46,否,,未被任何 type_key 引用（中文名启发式与真机反推均未命中）
INTMA,集成参数档,Integration Parameters,INT,35,否,,未被任何 type_key 引用（中文名启发式与真机反推均未命中）
INVLA,交易明细信息档,Transaction Lines,INV,52,否,,type_key `inventory.transaction.details` 节点均不可用（MA012/NONE），无实证
INVLB,品号每月统计单头,Item Monthly Summary Headers,INV,45,否,,未被任何 type_key 引用（中文名启发式与真机反推均未命中）
INVLC,品号每月统计单身,Item Monthly Summary Lines,INV,70,否,,未被任何 type_key 引用（中文名启发式与真机反推均未命中）
INVLD,品号项目管理档,Items by Project,INV,44,否,,未被任何 type_key 引用（中文名启发式与真机反推均未命中）
INVLE,品号每月统计子单身,Item Monthly Summary Sub Lines,INV,72,否,,未被任何 type_key 引用（中文名启发式与真机反推均未命中）
INVLF,入库单结存信息档,Receipt Balance,INV,53,否,,未被任何 type_key 引用（中文名启发式与真机反推均未命中）
INVLG,出库核销明细档,Issue Close List,INV,49,否,,未被任何 type_key 引用（中文名启发式与真机反推均未命中）
INVLH,库存交易成本要素明细档,Inventory transaction  Cost Element Details,INV,39,否,,未被任何 type_key 引用（中文名启发式与真机反推均未命中）
INVLI,库存交易成本要素结转档(已结存年月的历史档),Inventory transaction  Cost Element Carry Forward,INV,39,否,,未被任何 type_key 引用（中文名启发式与真机反推均未命中）
INVLJ,品号每月统计要素明细档,Item Statistics Element Details Monthly,INV,35,否,,未被任何 type_key 引用（中文名启发式与真机反推均未命中）
INVLM,成本要素出库核销明细档,Issue Close List,INV,43,否,,未被任何 type_key 引用（中文名启发式与真机反推均未命中）
INVLN,品号批号每月统计档,Item Lot Monthly Summary,INV,46,否,,未被任何 type_key 引用（中文名启发式与真机反推均未命中）
INVLP,品号批号每月统计要素明细档,Item Lot Monthly Summary  Details,INV,36,否,,未被任何 type_key 引用（中文名启发式与真机反推均未命中）
INVMA,品号类别信息档,Inventory Categories,INV,43,是,yf.oapi.item.classification.data.query.get,真机反推确证（node-table-map.csv，confidence=HIGH，type_key=item.classification）
INVMB,品号基本信息档,Items,INV,287,是,yf.oapi.item.data.query.get,真机反推确证（node-table-map.csv，confidence=HIGH，type_key=item）
INVMC,品号仓库档,Items by Warehouse,INV,45,否,,未被任何 type_key 引用（中文名启发式与真机反推均未命中）
INVMD,品号换算单位档,Item Conversion Unit,INV,37,否,,未被任何 type_key 引用（中文名启发式与真机反推均未命中）
INVME,品号批号信息单头,Item by Lot Headers,INV,53,否,,未被任何 type_key 引用（中文名启发式与真机反推均未命中）
INVMF,品号批号信息单身,Item by Lot Lines,INV,44,否,,未被任何 type_key 引用（中文名启发式与真机反推均未命中）
INVMG,NetChange记录档,NetChanges,INV,35,否,,未被任何 type_key 引用（中文名启发式与真机反推均未命中）
INVMH,商品条码信息档,Item Barcodes,INV,32,否,,未被任何 type_key 引用（中文名启发式与真机反推均未命中）
INVMI,品号属性资料单头档,Item Charactor Headers,INV,41,否,,未被任何 type_key 引用（中文名启发式与真机反推均未命中）
INVMJ,品号特征信息单头档,Item Feature Headers,INV,33,否,,未被任何 type_key 引用（中文名启发式与真机反推均未命中）
INVMK,品号特征对应信息单身档,Item Feature Lines,INV,34,否,,未被任何 type_key 引用（中文名启发式与真机反推均未命中）
INVML,品号仓库库位档,Item by Warehouse Bins,INV,41,否,,未被任何 type_key 引用（中文名启发式与真机反推均未命中）
INVMM,品号限制存放位置档,Item Limits by Bin,INV,34,否,,未被任何 type_key 引用（中文名启发式与真机反推均未命中）
INVMN,品号供应商采购比率信息档,Item Quotas by Supplier,INV,37,否,,未被任何 type_key 引用（中文名启发式与真机反推均未命中）
INVMP,品号属性资料单身档,Item Character Lines,INV,41,否,,未被任何 type_key 引用（中文名启发式与真机反推均未命中）
INVMQ,基本单位信息档,Basic Unit,INV,26,是,yf.oapi.unit.data.query.get,真机反推确证（node-table-map.csv，confidence=HIGH，type_key=unit）
INVMR,品号主要仓库(工厂)信息档,Item Mainhouse(Plant),INV,34,否,,未被任何 type_key 引用（中文名启发式与真机反推均未命中）
INVTA,交易单据单头档,Transaction Order Headers,INV,57,否,,未被任何 type_key 引用（中文名启发式与真机反推均未命中）
INVTB,交易单据单身档,Transaction Orders Lines,INV,61,否,,未被任何 type_key 引用（中文名启发式与真机反推均未命中）
INVTC,盘点底稿信息档单身,Cycle Count Manuscript Lines,INV,44,否,,type_key `item.count` 节点均不可用（MA012/NONE），无实证
INVTD,盘点信息汇总档,Cycle Count Summaries,INV,48,否,,type_key `item.count` 节点均不可用（MA012/NONE），无实证
INVTE,盘点底稿信息档单头,Cycle Count Manuscript Headers,INV,34,否,,type_key `item.count` 节点均不可用（MA012/NONE），无实证
INVTF,借出入调拨单头档,Loan/Borrow Transfer Order Headers,INV,61,否,,未被任何 type_key 引用（中文名启发式与真机反推均未命中）
INVTG,借出入调拨单身档,Loan/Borrow Transfer Order Lines,INV,65,否,,未被任何 type_key 引用（中文名启发式与真机反推均未命中）
INVTH,借出入归还单头档,Loan/Borrow Return Headers,INV,60,否,,未被任何 type_key 引用（中文名启发式与真机反推均未命中）
INVTI,借出入归还单身档,Borrow/Loan Return Lines,INV,57,否,,未被任何 type_key 引用（中文名启发式与真机反推均未命中）
INVTJ,成本开账/调整单头档,Cost Opening/Adjustment Headers,INV,49,否,,未被任何 type_key 引用（中文名启发式与真机反推均未命中）
INVTK,成本开账/调整单身档,Cost Opening/Adjustment Lines,INV,56,否,,未被任何 type_key 引用（中文名启发式与真机反推均未命中）
INVTL,报废单单头档,Scrap Order Headers,INV,57,待确认,yf.oapi.scrap.order.data.query.get,实体未映射到物理表，但 type_key `scrap.order` 存在可用节点（ACCEPTED_NO_TABLE：节点有效、接口可调通，回参未含物理表名）；服务名仅供试探，不可作为确证
INVTM,报废单单身档,Scrap Order Lines,INV,62,待确认,yf.oapi.scrap.order.data.query.get,实体未映射到物理表，但 type_key `scrap.order` 存在可用节点（ACCEPTED_NO_TABLE：节点有效、接口可调通，回参未含物理表名）；服务名仅供试探，不可作为确证
INVTN,销毁单单头档,Destroy Order Headers,INV,50,待确认,yf.oapi.destroy.order.data.query.get,实体未映射到物理表，但 type_key `destroy.order` 存在可用节点（ACCEPTED_NO_TABLE：节点有效、接口可调通，回参未含物理表名）；服务名仅供试探，不可作为确证
INVTO,销毁单单身档,Destroy Order Lines,INV,56,待确认,yf.oapi.destroy.order.data.query.get,实体未映射到物理表，但 type_key `destroy.order` 存在可用节点（ACCEPTED_NO_TABLE：节点有效、接口可调通，回参未含物理表名）；服务名仅供试探，不可作为确证
INVTP,成本开账/调整单子单身档-成本要素,Cost Opening/Adjustment Lines,INV,36,否,,未被任何 type_key 引用（中文名启发式与真机反推均未命中）
INVTQ,品号变更单头档,Item Change Header,INV,54,否,,未被任何 type_key 引用（中文名启发式与真机反推均未命中）
INVTR,品号变更单身档,Item Change Lines,INV,51,否,,未被任何 type_key 引用（中文名启发式与真机反推均未命中）
INVTS,品号仓库变更档,Item Warehouse Change,INV,55,否,,未被任何 type_key 引用（中文名启发式与真机反推均未命中）
INVTT,品号换算单位变更档,Item Conversion Unit Change,INV,44,否,,未被任何 type_key 引用（中文名启发式与真机反推均未命中）
IPSMA,费用编号信息档,费用编号信息档,IPS,36,否,,未被任何 type_key 引用（中文名启发式与真机反推均未命中）
IPSTA,预付购料信息单头,预付购料信息单头,IPS,75,否,,未被任何 type_key 引用（中文名启发式与真机反推均未命中）
IPSTB,预付购料信息单身,预付购料信息单身,IPS,39,否,,未被任何 type_key 引用（中文名启发式与真机反推均未命中）
IPSTC,预付购料信息变更单头,预付购料信息变更单头,IPS,79,否,,未被任何 type_key 引用（中文名启发式与真机反推均未命中）
IPSTD,预付购料信息变更单身,预付购料信息变更单身,IPS,35,否,,未被任何 type_key 引用（中文名启发式与真机反推均未命中）
IPSTE,S/I 信息单头档,S/I 信息单头档,IPS,35,否,,未被任何 type_key 引用（中文名启发式与真机反推均未命中）
IPSTF,S/I 信息单身档,S/I 信息单身档,IPS,45,否,,未被任何 type_key 引用（中文名启发式与真机反推均未命中）
IPSTG,报关/赎单信息单头档,报关/赎单信息单头档,IPS,79,否,,未被任何 type_key 引用（中文名启发式与真机反推均未命中）
IPSTH,报关/赎单费用信息档,报关/赎单费用信息档,IPS,46,否,,未被任何 type_key 引用（中文名启发式与真机反推均未命中）
IPSTI,报关/赎单信息单身档,报关/赎单信息单身档,IPS,63,否,,未被任何 type_key 引用（中文名启发式与真机反推均未命中）
ITMLA,指标值信息档,TARGET_VALUE,ITM,35,否,,未被任何 type_key 引用（中文名启发式与真机反推均未命中）
ITMTA,维护函数信息单头档,FUNCTION_INFO,ITM,43,否,,未被任何 type_key 引用（中文名启发式与真机反推均未命中）
ITMTB,维护函数信息参数档,FUNCTION_INFO Parameters,ITM,42,否,,未被任何 type_key 引用（中文名启发式与真机反推均未命中）
ITMTC,维护函数信息返回值档,FUNCTION_INFO Return,ITM,37,否,,未被任何 type_key 引用（中文名启发式与真机反推均未命中）
ITMTD,维护议题指标树单头档,ISSUE_TREE,ITM,41,否,,未被任何 type_key 引用（中文名启发式与真机反推均未命中）
ITMTE,维护议题指标树指标明细档,SO Change Headers,ITM,55,否,,未被任何 type_key 引用（中文名启发式与真机反推均未命中）
ITMTF,维护议题指标树指标参数档,ISSUE_TREE_SD2,ITM,38,否,,未被任何 type_key 引用（中文名启发式与真机反推均未命中）
ITMTG,维护议题指标树指标子明细,ISSUE_TREE_SD,ITM,38,否,,未被任何 type_key 引用（中文名启发式与真机反推均未命中）
ITMTH,维护议题指标树参考值设置,REFERENCE_SET,ITM,36,否,,未被任何 type_key 引用（中文名启发式与真机反推均未命中）
ITMTI,议题指标树信息相关作业,ISSUE_TREE_INTERRELATED,ITM,37,否,,未被任何 type_key 引用（中文名启发式与真机反推均未命中）
ITMTJ,公版能力信息档,PUBLIC_VERSION_ABILITY,ITM,35,否,,未被任何 type_key 引用（中文名启发式与真机反推均未命中）
ITMTK,公版指标明细档,PUBLIC_VERSION_TARGET,ITM,45,否,,未被任何 type_key 引用（中文名启发式与真机反推均未命中）
ITMTL,周起始日设置档,ISSUE_WEEKSET,ITM,35,否,,未被任何 type_key 引用（中文名启发式与真机反推均未命中）
IWCMA,公司编号信息,No. information companies,IWC,36,否,,未被任何 type_key 引用（中文名启发式与真机反推均未命中）
IWCTRANSQUEUE,IWC传输队列信息档,IWC Trans Queue,IWC,37,否,,未被任何 type_key 引用（中文名启发式与真机反推均未命中）
JCXA,借出入模块中间表,,JCX,51,否,,未被任何 type_key 引用（中文名启发式与真机反推均未命中）
JHXA,采购进货模块中间表,,JHX,45,否,,未被任何 type_key 引用（中文名启发式与真机反推均未命中）
KBSMA,看板系统参数档,看板系统参数档,KBS,41,否,,未被任何 type_key 引用（中文名启发式与真机反推均未命中）
KBSMB,看板类别设定档,看板类别设定档,KBS,34,否,,未被任何 type_key 引用（中文名启发式与真机反推均未命中）
KBSMC,交货时段信息档,交货时段信息档,KBS,33,否,,未被任何 type_key 引用（中文名启发式与真机反推均未命中）
KBSMD,交货周期日单头档,交货周期日单头档,KBS,34,否,,未被任何 type_key 引用（中文名启发式与真机反推均未命中）
KBSME,交货周期日单身档,交货周期日单身档,KBS,32,否,,未被任何 type_key 引用（中文名启发式与真机反推均未命中）
KBSMF,看板计算公式设定档,看板计算公式设定档,KBS,33,否,,未被任何 type_key 引用（中文名启发式与真机反推均未命中）
KBSMG,看板计算公式参数档,看板计算公式参数档,KBS,39,否,,未被任何 type_key 引用（中文名启发式与真机反推均未命中）
KBSMH,生产看板维护单头档,生产看板维护单头档,KBS,34,否,,未被任何 type_key 引用（中文名启发式与真机反推均未命中）
KBSMI,生产看板维护单身档,生产看板维护单身档,KBS,49,否,,未被任何 type_key 引用（中文名启发式与真机反推均未命中）
KBSMJ,采购看板维护单头档,采购看板维护单头档,KBS,34,否,,未被任何 type_key 引用（中文名启发式与真机反推均未命中）
KBSMK,采购看板维护单身档,采购看板维护单身档,KBS,51,否,,未被任何 type_key 引用（中文名启发式与真机反推均未命中）
KBSML,看板序号维护单头档,看板序号维护单头档,KBS,36,否,,未被任何 type_key 引用（中文名启发式与真机反推均未命中）
KBSMM,看板序号维护单身档,看板序号维护单身档,KBS,49,否,,未被任何 type_key 引用（中文名启发式与真机反推均未命中）
KBSTA,刷读产生采购单单头档,刷读产生采购单单头档,KBS,38,否,,未被任何 type_key 引用（中文名启发式与真机反推均未命中）
KBSTB,刷读产生采购单单身档,刷读产生采购单单身档,KBS,49,否,,未被任何 type_key 引用（中文名启发式与真机反推均未命中）
KBSTC,刷读产生工单单头档,,KBS,39,否,,未被任何 type_key 引用（中文名启发式与真机反推均未命中）
KBSTD,刷读产生工单单身档,刷读产生工单单身档,KBS,49,否,,未被任何 type_key 引用（中文名启发式与真机反推均未命中）
KBSTE,刷读产生生产入库单单头档,刷读产生生产入库单单头档,KBS,40,否,,未被任何 type_key 引用（中文名启发式与真机反推均未命中）
KBSTF,刷读产生生产入库单单身档,刷读产生生产入库单单身档,KBS,52,否,,未被任何 type_key 引用（中文名启发式与真机反推均未命中）
KBSTG,进货单子单身档,进货单子单身档,KBS,36,否,,未被任何 type_key 引用（中文名启发式与真机反推均未命中）
KBSTH,刷读产生调拨单单头档,刷读产生调拨单单头档,KBS,39,否,,未被任何 type_key 引用（中文名启发式与真机反推均未命中）
KBSTI,刷读产生调拨单单身档,刷读产生调拨单单身档,KBS,53,否,,未被任何 type_key 引用（中文名启发式与真机反推均未命中）
KBSTJ,刷读产生销货单单头档,刷读产生销货单单头档,KBS,48,否,,未被任何 type_key 引用（中文名启发式与真机反推均未命中）
KBSTK,刷读产生销货单单身档,刷读产生销货单单身档,KBS,54,否,,未被任何 type_key 引用（中文名启发式与真机反推均未命中）
KBSTL,刷读冻结/反冻结看板单头档,刷读冻结/反冻结看板单头,KBS,34,否,,未被任何 type_key 引用（中文名启发式与真机反推均未命中）
KBSTM,刷读冻结/反冻结看板单身档,刷读冻结/反冻结看板单身,KBS,41,否,,未被任何 type_key 引用（中文名启发式与真机反推均未命中）
LLJH,销货检核中间表,,LLJ,34,否,,未被任何 type_key 引用（中文名启发式与真机反推均未命中）
LLXA,领料模块中间表,,LLX,47,否,,未被任何 type_key 引用（中文名启发式与真机反推均未命中）
LRPLA,计划来源纪录单头档,Plan Source Headers,LRP,41,否,,未被任何 type_key 引用（中文名启发式与真机反推均未命中）
LRPLB,计划来源纪录单身档,Plan Source Lines,LRP,41,否,,未被任何 type_key 引用（中文名启发式与真机反推均未命中）
LRPLC,计划工作号记录单头档,Plan Maintenance No.,LRP,45,否,,未被任何 type_key 引用（中文名启发式与真机反推均未命中）
LRPMA,批次计划设置档,Batch Plan Settings,LRP,39,否,,未被任何 type_key 引用（中文名启发式与真机反推均未命中）
LRPMB,计划颜色设置档,Plan Display Color Settings,LRP,36,否,,未被任何 type_key 引用（中文名启发式与真机反推均未命中）
LRPTA,生产计划档,Production Plan,LRP,90,否,,未被任何 type_key 引用（中文名启发式与真机反推均未命中）
LRPTB,相关需求档,Related Requirements,LRP,56,否,,未被任何 type_key 引用（中文名启发式与真机反推均未命中）
LRPTC,采购计划档,Purchase Plan Tab.,LRP,77,否,,未被任何 type_key 引用（中文名启发式与真机反推均未命中）
LRPTE,生产计划每日产量档,Plan Daily Production Quantity,LRP,41,否,,未被任何 type_key 引用（中文名启发式与真机反推均未命中）
MESMA,维护sMES集成参数,,MES,37,否,,未被任何 type_key 引用（中文名启发式与真机反推均未命中）
MOCCC,委外到货单单头档,Subcontract Arrival Headers,MOC,47,待确认,yf.oapi.outsourcing.purchase.arrival.data.query.get,实体未映射到物理表，但 type_key `outsourcing.purchase.arrival` 存在可用节点（ACCEPTED_NO_TABLE：节点有效、接口可调通，回参未含物理表名）；服务名仅供试探，不可作为确证
MOCCD,委外到货单单身档,Subcontract Arrival Lines,MOC,60,待确认,yf.oapi.outsourcing.purchase.arrival.data.query.get,实体未映射到物理表，但 type_key `outsourcing.purchase.arrival` 存在可用节点（ACCEPTED_NO_TABLE：节点有效、接口可调通，回参未含物理表名）；服务名仅供试探，不可作为确证
MOCMA,委外计价档,Prices by Subcontractor,MOC,46,是,yf.oapi.outsourcing.price.data.query.get,真机反推确证（node-table-map.csv，confidence=HIGH，type_key=outsourcing.price）
MOCMB,工单系统参数档,MO Parameters,MOC,36,否,,未被任何 type_key 引用（中文名启发式与真机反推均未命中）
MOCMC,委外计价单身档,Prices by Subcontractor,MOC,39,否,,未被任何 type_key 引用（中文名启发式与真机反推均未命中）
MOCTA,工单单头档,MO Headers,MOC,114,是,yf.oapi.wo.data.query.get,真机反推确证（node-table-map.csv，confidence=HIGH，type_key=wo）
MOCTB,工单单身档,MO Lines,MOC,68,否,,type_key `wo` 节点均不可用（MA012/NONE），无实证
MOCTC,领/退料单头档,Material Issue/Return Headers,MOC,57,否,,未被任何 type_key 引用（中文名启发式与真机反推均未命中）
MOCTD,领/退料工单信息档,Material Issue/Return MO,MOC,51,否,,未被任何 type_key 引用（中文名启发式与真机反推均未命中）
MOCTE,领/退料单身档,Material Issue/Return Lines,MOC,62,否,,未被任何 type_key 引用（中文名启发式与真机反推均未命中）
MOCTF,生产入库单头档,MO Receipt Headers,MOC,60,否,,未被任何 type_key 引用（中文名启发式与真机反推均未命中）
MOCTG,生产入库单身档,MO Receipt Lines,MOC,71,否,,未被任何 type_key 引用（中文名启发式与真机反推均未命中）
MOCTH,委外进货单头档,Subcontract Receipt Headers,MOC,73,否,,未被任何 type_key 引用（中文名启发式与真机反推均未命中）
MOCTI,委外进货单身档,Subcontract Receipt Lines,MOC,101,否,,未被任何 type_key 引用（中文名启发式与真机反推均未命中）
MOCTJ,委外验退件退回信息档,Subcontract Inpsection Returns,MOC,38,否,,未被任何 type_key 引用（中文名启发式与真机反推均未命中）
MOCTK,委外退货单头档,Subcontract Return Headers,MOC,68,否,,未被任何 type_key 引用（中文名启发式与真机反推均未命中）
MOCTL,委外退货单身档,Subcontract Return Lines,MOC,74,否,,未被任何 type_key 引用（中文名启发式与真机反推均未命中）
MOCTM,委外核价单头,Subcontract Price Approval Headers,MOC,43,否,,未被任何 type_key 引用（中文名启发式与真机反推均未命中）
MOCTN,委外核价单身,Subcontract Price Approval Lines,MOC,48,否,,未被任何 type_key 引用（中文名启发式与真机反推均未命中）
MOCTO,工单变更单头档,MO Change Headers,MOC,187,是,yf.oapi.wo.change.data.query.get,真机反推确证（node-table-map.csv，confidence=HIGH，type_key=wo.change）
MOCTP,工单变更单身档,MO Change Lines,MOC,93,否,,未被任何 type_key 引用（中文名启发式与真机反推均未命中）
MOCTQ,工单联产品成本计算参数档,Cost Distribution Percent Of Work Order Co/By-Product,MOC,36,否,,未被任何 type_key 引用（中文名启发式与真机反推均未命中）
MOCTR,挪料单单头档,Material Shift Headers,MOC,45,否,,未被任何 type_key 引用（中文名启发式与真机反推均未命中）
MOCTS,挪料单单身档,Material Shift Lines,MOC,51,否,,未被任何 type_key 引用（中文名启发式与真机反推均未命中）
MOCTT,挪料工单信息档,Material Shift MO,MOC,39,否,,未被任何 type_key 引用（中文名启发式与真机反推均未命中）
MOCTU,工单拆分单头档,MO Splitting Headers,MOC,110,否,,type_key `wo.split` 节点均不可用（MA012/NONE），无实证
MOCTV,工单拆分单身档,MO Splitting Lines,MOC,101,否,,type_key `wo.split` 节点均不可用（MA012/NONE），无实证
MOCTW,入库转领料单单头档,Receipt Shift To Issue Headers,MOC,50,否,,未被任何 type_key 引用（中文名启发式与真机反推均未命中）
MOCTX,入库转领料单单身档,Receipt Shift To Issue Lines,MOC,68,否,,未被任何 type_key 引用（中文名启发式与真机反推均未命中）
MOCTY,工单每日产量档,MO Daily Production Quantity,MOC,47,否,,未被任何 type_key 引用（中文名启发式与真机反推均未命中）
MOCTZ,工单变更单每日产量档,MO Change Daily Production Quantity,MOC,69,否,,未被任何 type_key 引用（中文名启发式与真机反推均未命中）
MOCUA,工单拆分子单身档,MO Splitting Sub Lines,MOC,48,否,,未被任何 type_key 引用（中文名启发式与真机反推均未命中）
MOCUB,领料通知单单头档,Material Issue/Return Headers,MOC,50,否,,未被任何 type_key 引用（中文名启发式与真机反推均未命中）
MOCUC,领料通知单单身档,Material Issue/Return Lines,MOC,55,否,,未被任何 type_key 引用（中文名启发式与真机反推均未命中）
MOCUD,委外核价单单身明细档,,MOC,36,待确认,yf.oapi.outsourcing.approve.price.data.query.get,实体未映射到物理表，但 type_key `outsourcing.approve.price` 存在可用节点（ACCEPTED_NO_TABLE：节点有效、接口可调通，回参未含物理表名）；服务名仅供试探，不可作为确证
MPSMA,MPS参数设置档,MPS参数设置档,MPS,38,否,,未被任何 type_key 引用（中文名启发式与真机反推均未命中）
MPSMB,资源信息档,,MPS,37,否,,未被任何 type_key 引用（中文名启发式与真机反推均未命中）
MPSMC,品号资源信息档,,MPS,39,否,,未被任何 type_key 引用（中文名启发式与真机反推均未命中）
MPSTA,排程来源档,排程来源档,MPS,50,否,,未被任何 type_key 引用（中文名启发式与真机反推均未命中）
MPSTB,排程计划档,排程计划档,MPS,83,否,,未被任何 type_key 引用（中文名启发式与真机反推均未命中）
MPSTC,每日排程信息档,每日排程信息档,MPS,39,否,,未被任何 type_key 引用（中文名启发式与真机反推均未命中）
MPSTD,每日资源产能档,每日资源产能档,MPS,38,否,,未被任何 type_key 引用（中文名启发式与真机反推均未命中）
MPSTE,工单每日产量信息档,工单每日产量信息档,MPS,36,否,,未被任何 type_key 引用（中文名启发式与真机反推均未命中）
MPSTF,资源耗用明细档,资源耗用明细档,MPS,41,否,,未被任何 type_key 引用（中文名启发式与真机反推均未命中）
MRPLA,MRP间距档,MRP Intervals,MRP,34,否,,未被任何 type_key 引用（中文名启发式与真机反推均未命中）
MRPMA,MRP参数设置档,MRP Parameters,MRP,37,否,,未被任何 type_key 引用（中文名启发式与真机反推均未命中）
MRPMB,间距设置单头档,Interval Setting Headers,MRP,33,否,,未被任何 type_key 引用（中文名启发式与真机反推均未命中）
MRPMC,间距设置单身档,Interval Setting Lines,MRP,35,否,,未被任何 type_key 引用（中文名启发式与真机反推均未命中）
MRPMD,MRP计划条件设置档,MRP Conditions,MRP,46,否,,未被任何 type_key 引用（中文名启发式与真机反推均未命中）
MRPME,间距编号单身档,Interval No. Lines,MRP,33,否,,未被任何 type_key 引用（中文名启发式与真机反推均未命中）
MRPTA,MRP供需汇总单头档,MRP Supply And Requirement Summary Headers,MRP,44,否,,未被任何 type_key 引用（中文名启发式与真机反推均未命中）
MRPTB,MRP供需汇总单身档,MRP Supply And Requirement Summary Lines,MRP,67,否,,未被任何 type_key 引用（中文名启发式与真机反推均未命中）
MRPTC,MRP供需明细档,MRP Supply And Requirement Details,MRP,44,否,,未被任何 type_key 引用（中文名启发式与真机反推均未命中）
MTFMT,建档格式档,建档格式档,MTF,31,否,,未被任何 type_key 引用（中文名启发式与真机反推均未命中）
MTPMA,多角贸易流程编号单头信息档,多角贸易流程编号单头信息,MTP,38,否,,未被任何 type_key 引用（中文名启发式与真机反推均未命中）
MTPMB,多角贸易流程编号单身信息档,多角贸易流程编号单身信息,MTP,41,否,,未被任何 type_key 引用（中文名启发式与真机反推均未命中）
MTPMC,多角贸易对照结构单头信息档,多角贸易对照结构单头信息,MTP,36,否,,未被任何 type_key 引用（中文名启发式与真机反推均未命中）
MTPMD,多角贸易对照结构单身信息档,多角贸易对照结构单身信息,MTP,49,否,,未被任何 type_key 引用（中文名启发式与真机反推均未命中）
MTPTA,多角贸易计价及调拨单价单头信息档,多角贸易计价及调拨单价单,MTP,34,否,,未被任何 type_key 引用（中文名启发式与真机反推均未命中）
MTPTB,多角贸易计价及调拨单价单身信息档,多角贸易计价及调拨单价单,MTP,36,否,,未被任何 type_key 引用（中文名启发式与真机反推均未命中）
MTPTC,多角贸易计价及调拨单价子单身信息档,多角贸易计价及调拨单价子,MTP,35,否,,未被任何 type_key 引用（中文名启发式与真机反推均未命中）
MTPTD,多角贸易采购单价维护信息档,多角贸易采购单价维护信息,MTP,37,否,,未被任何 type_key 引用（中文名启发式与真机反推均未命中）
MTPTE,多角贸易抛转纪录档,多角贸易抛转纪录档,MTP,40,否,,未被任何 type_key 引用（中文名启发式与真机反推均未命中）
NOTLA,银行月统计档,,NOT,36,否,,未被任何 type_key 引用（中文名启发式与真机反推均未命中）
NOTLB,银行存款调整汇率档,银行存款调整汇率档,NOT,38,否,,未被任何 type_key 引用（中文名启发式与真机反推均未命中）
NOTMA,银行账号信息单头档,银行账号信息单头档,NOT,50,否,,未被任何 type_key 引用（中文名启发式与真机反推均未命中）
NOTMB,银行账号信息单身档,银行账号信息单身档,NOT,36,否,,未被任何 type_key 引用（中文名启发式与真机反推均未命中）
NOTMC,融资种类档,融资种类档,NOT,33,否,,未被任何 type_key 引用（中文名启发式与真机反推均未命中）
NOTMD,票据科目设置档,票据科目设置档,NOT,106,否,,未被任何 type_key 引用（中文名启发式与真机反推均未命中）
NOTME,信贷银行融资额度单头档,信贷银行融资额度单头档,NOT,38,否,,未被任何 type_key 引用（中文名启发式与真机反推均未命中）
NOTMF,信贷银行融资额度单身档,信贷银行融资额度单身档,NOT,34,否,,未被任何 type_key 引用（中文名启发式与真机反推均未命中）
NOTMG,银行对账单引入格式单头档,银行对账单引入格式单头档,NOT,44,否,,未被任何 type_key 引用（中文名启发式与真机反推均未命中）
NOTMH,银行对账单引入格式单身档,银行对账单引入格式单身档,NOT,35,否,,未被任何 type_key 引用（中文名启发式与真机反推均未命中）
NOTTA,应付票据单头档,应付票据单头档,NOT,51,否,,未被任何 type_key 引用（中文名启发式与真机反推均未命中）
NOTTB,应付票据单身档,应付票据单身档,NOT,39,否,,未被任何 type_key 引用（中文名启发式与真机反推均未命中）
NOTTC,应收票据单头档,应收票据单头档,NOT,58,否,,未被任何 type_key 引用（中文名启发式与真机反推均未命中）
NOTTD,应收票据单身档,应收票据单身档,NOT,39,否,,未被任何 type_key 引用（中文名启发式与真机反推均未命中）
NOTTE,预计收支档,预计收支档,NOT,39,否,,未被任何 type_key 引用（中文名启发式与真机反推均未命中）
NOTTF,银行存款提款单头档,银行存款提款单头档,NOT,52,否,,未被任何 type_key 引用（中文名启发式与真机反推均未命中）
NOTTG,银行存款提款单身档,银行存款提款单身档,NOT,49,否,,未被任何 type_key 引用（中文名启发式与真机反推均未命中）
NOTTH,票据融资单头档,票据融资单头档,NOT,52,否,,未被任何 type_key 引用（中文名启发式与真机反推均未命中）
NOTTI,票据融资单身档,票据融资单身档,NOT,33,否,,未被任何 type_key 引用（中文名启发式与真机反推均未命中）
NOTTJ,抵押借款单头档,抵押借款单头档,NOT,50,否,,未被任何 type_key 引用（中文名启发式与真机反推均未命中）
NOTTK,借/还款单头档,借/还款单头档,NOT,43,否,,未被任何 type_key 引用（中文名启发式与真机反推均未命中）
NOTTL,借/还款单身档,借/还款单身档,NOT,46,否,,未被任何 type_key 引用（中文名启发式与真机反推均未命中）
NOTTM,融/撤票单头档,融/撤票单头档,NOT,42,否,,未被任何 type_key 引用（中文名启发式与真机反推均未命中）
NOTTN,融/撤票单身档,融/撤票单身档,NOT,37,否,,未被任何 type_key 引用（中文名启发式与真机反推均未命中）
NOTTO,抵押借款单身档,抵押借款单身档,NOT,39,否,,未被任何 type_key 引用（中文名启发式与真机反推均未命中）
NOTTP,银行对账单单头档,银行对账单单头档,NOT,36,否,,未被任何 type_key 引用（中文名启发式与真机反推均未命中）
NOTTQ,银行对账单单身档,银行对账单单身档,NOT,43,否,,未被任何 type_key 引用（中文名启发式与真机反推均未命中）
NOTTR,银行存款日记账单头档,银行存款日记账单头档,NOT,38,否,,未被任何 type_key 引用（中文名启发式与真机反推均未命中）
NOTTS,银行存款日记账单身档,银行存款日记账单身档,NOT,49,否,,未被任何 type_key 引用（中文名启发式与真机反推均未命中）
NOTTT,银行存款余额调节单头档,银行存款余额调节单头档,NOT,41,否,,未被任何 type_key 引用（中文名启发式与真机反推均未命中）
NOTTV,银行未达余额调节单身档,银行未达余额调节单身档,NOT,49,否,,未被任何 type_key 引用（中文名启发式与真机反推均未命中）
NOTTW,企业未达余额调节单身档,企业未达余额调节单身档,NOT,44,否,,未被任何 type_key 引用（中文名启发式与真机反推均未命中）
OMSLA,费用预算数汇总档,Budget Amounts Summary,OMS,47,否,,未被任何 type_key 引用（中文名启发式与真机反推均未命中）
OMSLB,费用项目数汇总档,Budget Item Summary,OMS,42,否,,未被任何 type_key 引用（中文名启发式与真机反推均未命中）
OMSMA,费用参数设置档,OMS Parameters,OMS,33,否,,未被任何 type_key 引用（中文名启发式与真机反推均未命中）
OMSMB,费用项目信息档,Outlay Item Codes,OMS,41,否,,未被任何 type_key 引用（中文名启发式与真机反推均未命中）
OMSMC,费用预算项目单头档,Outlay Budget Item Headers,OMS,43,否,,未被任何 type_key 引用（中文名启发式与真机反推均未命中）
OMSMD,费用预算项目单身档,Outlay Budget Item Lines,OMS,32,否,,未被任何 type_key 引用（中文名启发式与真机反推均未命中）
OMSME,自定义费用单据参数字段单头档,User-defined Reimbursement Type Field Headers,OMS,33,否,,未被任何 type_key 引用（中文名启发式与真机反推均未命中）
OMSMF,自定义费用单据参数字段单身档,User-defined Reimbursement Type Field Lines,OMS,42,否,,未被任何 type_key 引用（中文名启发式与真机反推均未命中）
OMSMG,费用预算方案单头档,Outlay Budget Plan Headers,OMS,36,否,,未被任何 type_key 引用（中文名启发式与真机反推均未命中）
OMSMH,费用预算方案单身档,Outlay Budget Plan Lines,OMS,41,否,,未被任何 type_key 引用（中文名启发式与真机反推均未命中）
OMSMI,员工借款信用设置单头档,Borrowing Credit Control Headers,OMS,32,否,,未被任何 type_key 引用（中文名启发式与真机反推均未命中）
OMSMJ,员工借款信用设置单身档,Borrowing Credit Control Lines,OMS,37,否,,未被任何 type_key 引用（中文名启发式与真机反推均未命中）
OMSTA,费用预算单头档,Outlay Budget Headers,OMS,47,否,,未被任何 type_key 引用（中文名启发式与真机反推均未命中）
OMSTB,费用预算单身档,Outlay Budget Lines,OMS,40,否,,未被任何 type_key 引用（中文名启发式与真机反推均未命中）
OMSTC,费用预算分期明细档,Outlay Budget Line Details,OMS,39,否,,未被任何 type_key 引用（中文名启发式与真机反推均未命中）
OMSTD,费用预算调整单头档,Outlay Budget Adjustment Headers,OMS,46,否,,未被任何 type_key 引用（中文名启发式与真机反推均未命中）
OMSTE,费用预算调整单身档,Outlay Budget Adjustment Lines,OMS,44,否,,未被任何 type_key 引用（中文名启发式与真机反推均未命中）
OMSTF,费用预算调整分期明细档,Outlay Budget Adjustment Line Details,OMS,42,否,,未被任何 type_key 引用（中文名启发式与真机反推均未命中）
OMSTG,费用申请单据档,Application Outlay,OMS,61,否,,未被任何 type_key 引用（中文名启发式与真机反推均未命中）
OMSTH,费用借款单据档,Borrowing Outlay,OMS,70,否,,未被任何 type_key 引用（中文名启发式与真机反推均未命中）
OMSTI,费用还款单据档,Refund Outlay,OMS,62,否,,未被任何 type_key 引用（中文名启发式与真机反推均未命中）
OMSTJ,费用报销单单头档,Reimbursement Outlay Headers,OMS,69,否,,未被任何 type_key 引用（中文名启发式与真机反推均未命中）
OMSTK,费用报销单单身档,Reimbursement Outlay Lines,OMS,34,否,,未被任何 type_key 引用（中文名启发式与真机反推均未命中）
OMSTL,费用调整单头档,Adjustment Outlay Headers,OMS,53,否,,未被任何 type_key 引用（中文名启发式与真机反推均未命中）
OMSTM,费用调整单身档,Adjustment Outlay Lines,OMS,44,否,,未被任何 type_key 引用（中文名启发式与真机反推均未命中）
OMSTN,其他费用申请单单头档,Application Outlay,OMS,60,否,,未被任何 type_key 引用（中文名启发式与真机反推均未命中）
OMSTO,其他费用申请单单身档,Other Payables Lines,OMS,44,否,,未被任何 type_key 引用（中文名启发式与真机反推均未命中）
OMSTP,其他费用单头档,Other Payables Headers,OMS,69,否,,未被任何 type_key 引用（中文名启发式与真机反推均未命中）
OMSTQ,其他费用单单身档,Other Payables Lines,OMS,48,否,,未被任何 type_key 引用（中文名启发式与真机反推均未命中）
OMSTR,费用申请单单身档,Application Outlay Lines,OMS,34,否,,未被任何 type_key 引用（中文名启发式与真机反推均未命中）
PALLA,社会褔利金月缴费单头档,社会褔利金月缴费单头档,PAL,33,否,,未被任何 type_key 引用（中文名启发式与真机反推均未命中）
PALLB,社会褔利金月缴费单身档,社会褔利金月缴费单身档,PAL,38,否,,未被任何 type_key 引用（中文名启发式与真机反推均未命中）
PALLC,计件工资月档,计件工资月档,PAL,40,否,,未被任何 type_key 引用（中文名启发式与真机反推均未命中）
PALLD,计件工资日档,计件工资日档,PAL,37,否,,未被任何 type_key 引用（中文名启发式与真机反推均未命中）
PALMA,基本条件设置档,基本条件设置档,PAL,58,否,,未被任何 type_key 引用（中文名启发式与真机反推均未命中）
PALMB,津贴扣款条件设置档,津贴扣款条件设置档,PAL,48,否,,未被任何 type_key 引用（中文名启发式与真机反推均未命中）
PALMC,请假扣款条件设置档,请假扣款条件设置档,PAL,40,否,,未被任何 type_key 引用（中文名启发式与真机反推均未命中）
PALMD,加班条件设置档,加班条件设置档,PAL,44,否,,未被任何 type_key 引用（中文名启发式与真机反推均未命中）
PALME,全勤奖金条件设置,全勤奖金条件设置,PAL,53,否,,未被任何 type_key 引用（中文名启发式与真机反推均未命中）
PALMF,员工加扣款设置档,员工加扣款设置档,PAL,33,否,,未被任何 type_key 引用（中文名启发式与真机反推均未命中）
PALMG,所得税条件设置档,所得税条件设置档,PAL,95,否,,未被任何 type_key 引用（中文名启发式与真机反推均未命中）
PALMH,职等信息档,职等信息档,PAL,34,否,,未被任何 type_key 引用（中文名启发式与真机反推均未命中）
PALMI,学历编号档,学历编号档,PAL,33,否,,未被任何 type_key 引用（中文名启发式与真机反推均未命中）
PALMJ,特休天数设置档,特休天数设置档,PAL,43,否,,未被任何 type_key 引用（中文名启发式与真机反推均未命中）
PALMK,班别信息档,班别信息档,PAL,86,否,,未被任何 type_key 引用（中文名启发式与真机反推均未命中）
PALML,劳健保补助等级档,劳健保补助等级档,PAL,35,否,,未被任何 type_key 引用（中文名启发式与真机反推均未命中）
PALMM,投保身分保费设置档,投保身分保费设置档,PAL,39,否,,未被任何 type_key 引用（中文名启发式与真机反推均未命中）
PALMN,劳保投保等级设置档,劳保投保等级设置档,PAL,72,否,,未被任何 type_key 引用（中文名启发式与真机反推均未命中）
PALMO,健保投保等级设置档,健保投保等级设置档,PAL,74,否,,未被任何 type_key 引用（中文名启发式与真机反推均未命中）
PALMP,金融转存信息档,金融转存信息档,PAL,37,否,,未被任何 type_key 引用（中文名启发式与真机反推均未命中）
PALMQ,薪资会计科目设置单头档,薪资会计科目设置单头档,PAL,40,否,,未被任何 type_key 引用（中文名启发式与真机反推均未命中）
PALMR,薪资会计科目设置单身档,薪资会计科目设置单身档,PAL,34,否,,未被任何 type_key 引用（中文名启发式与真机反推均未命中）
PALMS,扣缴税额设置单头档,扣缴税额设置单头档,PAL,35,否,,未被任何 type_key 引用（中文名启发式与真机反推均未命中）
PALMT,扣缴税额设置单身档,扣缴税额设置单身档,PAL,44,否,,未被任何 type_key 引用（中文名启发式与真机反推均未命中）
PALMU,事务所信息档,事务所信息档,PAL,40,否,,未被任何 type_key 引用（中文名启发式与真机反推均未命中）
PALMW,税率表设置单头档,税率表设置单头档,PAL,33,否,,未被任何 type_key 引用（中文名启发式与真机反推均未命中）
PALMX,税率表设置单身档,税率表设置单身档,PAL,35,否,,未被任何 type_key 引用（中文名启发式与真机反推均未命中）
PALNA,社会褔利金身份类型单头档,社会褔利金身份类型单头档,PAL,33,否,,未被任何 type_key 引用（中文名启发式与真机反推均未命中）
PALNB,社会褔利金身份类型单身档,社会褔利金身份类型单身档,PAL,38,否,,未被任何 type_key 引用（中文名启发式与真机反推均未命中）
PALNC,社会褔利金基数设置档,社会褔利金基数设置档,PAL,37,否,,未被任何 type_key 引用（中文名启发式与真机反推均未命中）
PALND,员工褔利金基数档,员工褔利金基数档,PAL,35,否,,未被任何 type_key 引用（中文名启发式与真机反推均未命中）
PALNE,员工学历档,员工学历档,PAL,46,否,,未被任何 type_key 引用（中文名启发式与真机反推均未命中）
PALNF,员工经历档,员工经历档,PAL,47,否,,未被任何 type_key 引用（中文名启发式与真机反推均未命中）
PALNG,员工专长档,员工专长档,PAL,33,否,,未被任何 type_key 引用（中文名启发式与真机反推均未命中）
PALNH,员工语言能力档,员工语言能力档,PAL,39,否,,未被任何 type_key 引用（中文名启发式与真机反推均未命中）
PALNI,员工证书档,员工证书档,PAL,37,否,,未被任何 type_key 引用（中文名启发式与真机反推均未命中）
PALNJ,纳税公司信息档,纳税公司信息档,PAL,39,否,,未被任何 type_key 引用（中文名启发式与真机反推均未命中）
PALNK,员工家庭成员档,,PAL,38,否,,未被任何 type_key 引用（中文名启发式与真机反推均未命中）
PALNL,员工项目经验档,,PAL,37,否,,未被任何 type_key 引用（中文名启发式与真机反推均未命中）
PALNM,产品计件单价单头档,产品计件单价单头档,PAL,35,否,,未被任何 type_key 引用（中文名启发式与真机反推均未命中）
PALNN,产品计件单价单身档,产品计件单价单身档,PAL,37,否,,未被任何 type_key 引用（中文名启发式与真机反推均未命中）
PALNO,班组成员信息单头档,班组成员信息单头档,PAL,33,是,yf.oapi.team.personnel.data.query.get,真机反推确证（node-table-map.csv，confidence=HIGH，type_key=team.personnel）
PALNP,班组成员信息单身档,班组成员信息单身档,PAL,34,否,,type_key `team.personnel` 节点均不可用（MA012/NONE），无实证
PALTA,员工年资增减档,员工年资增减档,PAL,34,否,,未被任何 type_key 引用（中文名启发式与真机反推均未命中）
PALTB,员工每日出勤信息档,员工每日出勤信息档,PAL,46,否,,未被任何 type_key 引用（中文名启发式与真机反推均未命中）
PALTC,员工班别出勤月档,员工班别出勤月档,PAL,35,否,,未被任何 type_key 引用（中文名启发式与真机反推均未命中）
PALTD,员工薪资异动档,员工薪资异动档,PAL,41,否,,未被任何 type_key 引用（中文名启发式与真机反推均未命中）
PALTE,员工人事异动档,员工人事异动档,PAL,43,否,,未被任何 type_key 引用（中文名启发式与真机反推均未命中）
PALTF,请假单信息档,请假单信息档,PAL,47,否,,未被任何 type_key 引用（中文名启发式与真机反推均未命中）
PALTG,员工加班单档,员工加班单档,PAL,49,否,,未被任何 type_key 引用（中文名启发式与真机反推均未命中）
PALTH,员工津贴扣款单身档,员工津贴扣款单身档,PAL,37,否,,未被任何 type_key 引用（中文名启发式与真机反推均未命中）
PALTI,员工发薪记录单头档,员工发薪记录单头档,PAL,91,否,,未被任何 type_key 引用（中文名启发式与真机反推均未命中）
PALTJ,员工发薪记录单身档,员工发薪记录单身档,PAL,39,否,,未被任何 type_key 引用（中文名启发式与真机反推均未命中）
PALTK,员工请假记录单头档,员工请假记录单头档,PAL,36,否,,未被任何 type_key 引用（中文名启发式与真机反推均未命中）
PALTL,员工请假记录单身档,员工请假记录单身档,PAL,38,否,,未被任何 type_key 引用（中文名启发式与真机反推均未命中）
PALTM,劳健保月投保信息单头档,劳健保月投保信息单头档,PAL,52,否,,未被任何 type_key 引用（中文名启发式与真机反推均未命中）
PALTN,劳健保月投保信息单身档,劳健保月投保信息单身档,PAL,41,否,,未被任何 type_key 引用（中文名启发式与真机反推均未命中）
PALTO,员工劳保异动档,员工劳保异动档,PAL,35,否,,未被任何 type_key 引用（中文名启发式与真机反推均未命中）
PALTP,员工健保异动档,员工健保异动档,PAL,36,否,,未被任何 type_key 引用（中文名启发式与真机反推均未命中）
PALTQ,员工眷保异动档,员工眷保异动档,PAL,41,否,,未被任何 type_key 引用（中文名启发式与真机反推均未命中）
PALTR,独立发放信息档,独立发放信息档,PAL,44,否,,未被任何 type_key 引用（中文名启发式与真机反推均未命中）
PALTS,扣缴媒体信息档,扣缴媒体信息档,PAL,68,否,,未被任何 type_key 引用（中文名启发式与真机反推均未命中）
PALTT,员工基数异动单头档,员工基数异动单头档,PAL,36,否,,未被任何 type_key 引用（中文名启发式与真机反推均未命中）
PALTU,员工津贴扣款单头档,员工津贴扣款单头档,PAL,33,否,,未被任何 type_key 引用（中文名启发式与真机反推均未命中）
PALTV,员工基数异动单身档,员工基数异动单身档,PAL,37,否,,未被任何 type_key 引用（中文名启发式与真机反推均未命中）
PALTW,计件数量单头档,计件数量单头档,PAL,42,否,,未被任何 type_key 引用（中文名启发式与真机反推均未命中）
PALTX,计件数量班组成员档,计件数量班组成员档,PAL,37,否,,未被任何 type_key 引用（中文名启发式与真机反推均未命中）
PALTY,计件数量单身档,计件数量单身档,PAL,44,否,,未被任何 type_key 引用（中文名启发式与真机反推均未命中）
PALTZ,扣缴媒体暂保存,扣缴媒体暂保存,PAL,63,否,,未被任何 type_key 引用（中文名启发式与真机反推均未命中）
PDXA,盘点模块中间表,,PDX,42,否,,未被任何 type_key 引用（中文名启发式与真机反推均未命中）
PMSTA,产品文件文档申请单头档,,PMS,0,否,,未被任何 type_key 引用（中文名启发式与真机反推均未命中）
PMSXI,BUG记录档,,PMS,41,否,,未被任何 type_key 引用（中文名启发式与真机反推均未命中）
PSMMA,序号仓库档,,PSM,57,否,,未被任何 type_key 引用（中文名启发式与真机反推均未命中）
PSMMB,序号交易临时档,,PSM,38,否,,未被任何 type_key 引用（中文名启发式与真机反推均未命中）
PSMMC,订单工单序号档,,PSM,36,否,,未被任何 type_key 引用（中文名启发式与真机反推均未命中）
PSMMD,序号变更历史记录档,,PSM,35,否,,未被任何 type_key 引用（中文名启发式与真机反推均未命中）
PSMME,订单工单变更序号档,,PSM,39,否,,未被任何 type_key 引用（中文名启发式与真机反推均未命中）
PSMMF,不良原因信息档,Item by Supplier Headers,PSM,33,否,,type_key `bad.cause` 节点均不可用（MA012/NONE），无实证
PSMMG,工站信息档,Item by Supplier Headers,PSM,35,否,,未被任何 type_key 引用（中文名启发式与真机反推均未命中）
PSMMH,工站人员信息档,Item by Supplier Headers,PSM,33,否,,未被任何 type_key 引用（中文名启发式与真机反推均未命中）
PSMMI,工站产品设置单头档,,PSM,33,否,,未被任何 type_key 引用（中文名启发式与真机反推均未命中）
PSMMJ,工站产品设置单身档,,PSM,38,否,,未被任何 type_key 引用（中文名启发式与真机反推均未命中）
PSMMK,工站产品设置子单身档,,PSM,37,否,,未被任何 type_key 引用（中文名启发式与真机反推均未命中）
PSMTA,序号交易明细档,,PSM,37,否,,未被任何 type_key 引用（中文名启发式与真机反推均未命中）
PSMTB,产品序号对应单单头档,,PSM,52,否,,未被任何 type_key 引用（中文名启发式与真机反推均未命中）
PSMTC,产品序号对应单单身档,,PSM,46,否,,未被任何 type_key 引用（中文名启发式与真机反推均未命中）
PSMTD,产品序号对应单不良原因单身档,,PSM,34,否,,未被任何 type_key 引用（中文名启发式与真机反推均未命中）
PSMTE,维修站维护单身档,,PSM,33,否,,未被任何 type_key 引用（中文名启发式与真机反推均未命中）
PSMTF,盘点底稿信息序号子单身档,,PSM,43,否,,未被任何 type_key 引用（中文名启发式与真机反推均未命中）
PSMTG,序号开账调整单头档,,PSM,41,否,,未被任何 type_key 引用（中文名启发式与真机反推均未命中）
PSMTH,序号开账调整单身档,,PSM,44,否,,未被任何 type_key 引用（中文名启发式与真机反推均未命中）
PSMTI,返工产品序号对应单单头档,,PSM,49,否,,未被任何 type_key 引用（中文名启发式与真机反推均未命中）
PSMTJ,返工产品序号对应单单身档,,PSM,46,否,,未被任何 type_key 引用（中文名启发式与真机反推均未命中）
PURCA,供应商品号赠备品率单头档,Item by Supplier Headers,PUR,41,否,,未被任何 type_key 引用（中文名启发式与真机反推均未命中）
PURCB,供应商品号赠备品率单身档,Item by Supplier Lines,PUR,37,否,,未被任何 type_key 引用（中文名启发式与真机反推均未命中）
PURCC,到货单单头档,Purchase Arrival Headers,PUR,51,待确认,yf.oapi.purchase.arrival.data.query.get,实体未映射到物理表，但 type_key `purchase.arrival` 存在可用节点（ACCEPTED_NO_TABLE：节点有效、接口可调通，回参未含物理表名）；服务名仅供试探，不可作为确证
PURCD,到货单单身档,Purchase Arrival Lines,PUR,68,待确认,yf.oapi.purchase.arrival.data.query.get,实体未映射到物理表，但 type_key `purchase.arrival` 存在可用节点（ACCEPTED_NO_TABLE：节点有效、接口可调通，回参未含物理表名）；服务名仅供试探，不可作为确证
PURLB,品号供应商每月统计维护档,Monthly Summaries by Item/Supplier,PUR,45,否,,未被任何 type_key 引用（中文名启发式与真机反推均未命中）
PURLC,供应商每月统计维护档,Monthly Summaries by Supplier,PUR,45,否,,未被任何 type_key 引用（中文名启发式与真机反推均未命中）
PURMA,供应商基本信息档,Suppliers,PUR,103,是,yf.oapi.supplier.query.get,真机反推确证（node-table-map.csv，confidence=HIGH，type_key=supplier）
PURMB,品号供应商单头档,Item by Supplier Headers,PUR,45,是,yf.oapi.item.supplier.price.query.get,真机反推确证（node-table-map.csv，confidence=HIGH，type_key=item.supplier.price）
PURMC,品号供应商单身档,Item by Supplier Lines,PUR,38,否,,未被任何 type_key 引用（中文名启发式与真机反推均未命中）
PURMD,供应商品号特殊检验方式档,Supplier Item Special Inspection Methods,PUR,36,否,,未被任何 type_key 引用（中文名启发式与真机反推均未命中）
PURME,供应商交货时段档,Supplier Delivery Periods,PUR,32,否,,未被任何 type_key 引用（中文名启发式与真机反推均未命中）
PURMF,供应商银行账号信息档,Supplier Remitting Bank,PUR,34,否,,未被任何 type_key 引用（中文名启发式与真机反推均未命中）
PURTA,请购单单头信息档,Purchase Request Headers,PUR,49,待确认,yf.oapi.purchase.requisitions.data.query.get,实体未映射到物理表，但 type_key `purchase.requisitions` 存在可用节点（ACCEPTED_NO_TABLE：节点有效、接口可调通，回参未含物理表名）；服务名仅供试探，不可作为确证
PURTB,请购单单身信息档,Purchase Request Lines,PUR,85,待确认,yf.oapi.purchase.requisitions.data.query.get,实体未映射到物理表，但 type_key `purchase.requisitions` 存在可用节点（ACCEPTED_NO_TABLE：节点有效、接口可调通，回参未含物理表名）；服务名仅供试探，不可作为确证
PURTC,采购单单头信息档,PO Headers,PUR,73,否,,type_key `purchase.order` 节点均不可用（MA012/NONE），无实证
PURTD,采购单单身信息档,PO Lines,PUR,81,否,,type_key `purchase.order` 节点均不可用（MA012/NONE），无实证
PURTE,采购变更单头信息档,PO Change Headers,PUR,89,否,,未被任何 type_key 引用（中文名启发式与真机反推均未命中）
PURTF,采购变更单身信息档,PO Change Lines,PUR,103,否,,未被任何 type_key 引用（中文名启发式与真机反推均未命中）
PURTG,进货单单头档,Purchase Receipt Headers,PUR,83,待确认,yf.oapi.purchase.receipt.data.query.get,实体未映射到物理表，但 type_key `purchase.receipt` 存在可用节点（ACCEPTED_NO_TABLE：节点有效、接口可调通，回参未含物理表名）；服务名仅供试探，不可作为确证
PURTG2,,,PUR,2,否,,未被任何 type_key 引用（中文名启发式与真机反推均未命中）
PURTH,进货单单身档,Purchase Receipt Lines,PUR,113,待确认,yf.oapi.purchase.receipt.data.query.get,实体未映射到物理表，但 type_key `purchase.receipt` 存在可用节点（ACCEPTED_NO_TABLE：节点有效、接口可调通，回参未含物理表名）；服务名仅供试探，不可作为确证
PURTI,退货单单头档,Purchase Return Headers,PUR,70,待确认,yf.oapi.purchase.return.data.query.get,实体未映射到物理表，但 type_key `purchase.return` 存在可用节点（ACCEPTED_NO_TABLE：节点有效、接口可调通，回参未含物理表名）；服务名仅供试探，不可作为确证
PURTJ,退货单单身档,Purchase Return Lines,PUR,82,待确认,yf.oapi.purchase.return.data.query.get,实体未映射到物理表，但 type_key `purchase.return` 存在可用节点（ACCEPTED_NO_TABLE：节点有效、接口可调通，回参未含物理表名）；服务名仅供试探，不可作为确证
PURTK,验退件退回信息档,Inspection Rejected Item Return Data,PUR,41,否,,未被任何 type_key 引用（中文名启发式与真机反推均未命中）
PURTL,核价单单头档,Price Approval Order Headers,PUR,47,待确认,yf.oapi.approve.price.data.query.get,实体未映射到物理表，但 type_key `approve.price` 存在可用节点（ACCEPTED_NO_TABLE：节点有效、接口可调通，回参未含物理表名）；服务名仅供试探，不可作为确证
PURTM,核价单单身档,Price Approval Order Lines,PUR,48,待确认,yf.oapi.approve.price.data.query.get,实体未映射到物理表，但 type_key `approve.price` 存在可用节点（ACCEPTED_NO_TABLE：节点有效、接口可调通，回参未含物理表名）；服务名仅供试探，不可作为确证
PURTN,核价单单身明细档,Price Approval Order Line Details,PUR,36,待确认,yf.oapi.approve.price.data.query.get,实体未映射到物理表，但 type_key `approve.price` 存在可用节点（ACCEPTED_NO_TABLE：节点有效、接口可调通，回参未含物理表名）；服务名仅供试探，不可作为确证
PURTO,询价单单头档,Inquiry Headers,PUR,43,待确认,yf.oapi.inquiry.data.query.get,实体未映射到物理表，但 type_key `inquiry` 存在可用节点（ACCEPTED_NO_TABLE：节点有效、接口可调通，回参未含物理表名）；服务名仅供试探，不可作为确证
PURTP,询价单单身档,Inquiry Lines,PUR,47,待确认,yf.oapi.inquiry.data.query.get,实体未映射到物理表，但 type_key `inquiry` 存在可用节点（ACCEPTED_NO_TABLE：节点有效、接口可调通，回参未含物理表名）；服务名仅供试探，不可作为确证
PURTQ,询价单单身明细档,Inquiry Line Details,PUR,36,待确认,yf.oapi.inquiry.data.query.get,实体未映射到物理表，但 type_key `inquiry` 存在可用节点（ACCEPTED_NO_TABLE：节点有效、接口可调通，回参未含物理表名）；服务名仅供试探，不可作为确证
PURTR,请购单子单身信息档,Purchase Request Sub-lines,PUR,58,待确认,yf.oapi.purchase.requisitions.data.query.get,实体未映射到物理表，但 type_key `purchase.requisitions` 存在可用节点（ACCEPTED_NO_TABLE：节点有效、接口可调通，回参未含物理表名）；服务名仅供试探，不可作为确证
PURTS,供应商信息变更单头档,Supplier Change Headers,PUR,54,否,,未被任何 type_key 引用（中文名启发式与真机反推均未命中）
PURTT,供应商信息变更单身档,Supplier Change Lines,PUR,51,否,,未被任何 type_key 引用（中文名启发式与真机反推均未命中）
QMSMA,品管控制参数设置档,Quality Control Parameters,QMS,53,否,,未被任何 type_key 引用（中文名启发式与真机反推均未命中）
QMSMB,抽查基础单头信息档,Sampling Basis Headers,QMS,33,否,,type_key `sampling.basis` 节点均不可用（MA012/NONE），无实证
QMSMC,抽查基础单身信息档,Sampling Basis Lines,QMS,62,否,,type_key `sampling.basis` 节点均不可用（MA012/NONE），无实证
QMSMD,品管类别信息档,Inspection Categories,QMS,37,否,,type_key `quality.control.category` 节点均不可用（MA012/NONE），无实证
QMSME,检验项目信息档,Inspection Items,QMS,41,否,,type_key `inspection` 节点均不可用（MA012/NONE），无实证
QMSMF,品号检验项目单头档,Item Inspection Item Headers,QMS,40,否,,type_key `item.inspection` 节点均不可用（MA012/NONE），无实证
QMSMG,品号检验项目单身档,Item Inspection Item Lines,QMS,47,否,,type_key `item.inspection` 节点均不可用（MA012/NONE），无实证
QMSMH,不良原因编号档,Defective Reasons,QMS,33,否,,未被任何 type_key 引用（中文名启发式与真机反推均未命中）
QMSMI,文字/数值型品号检验项目信息档,Literal/Numerical Inspection Items For Item,QMS,40,否,,未被任何 type_key 引用（中文名启发式与真机反推均未命中）
QMSMK,计量抽查基础单头信息档,Computation Sampling Basis Headers,QMS,32,否,,type_key `computation.sampling.basis` 节点均不可用（MA012/NONE），无实证
QMSML,计量抽查基础单身信息档,Computation Sampling Basis Lines,QMS,35,否,,type_key `computation.sampling.basis` 节点均不可用（MA012/NONE），无实证
QMSTA,进货检验单单头档,Purchase Receipt Inspection Headers,QMS,73,否,,type_key `purchase.receipt.inspection` 节点均不可用（MA012/NONE），无实证
QMSTB,进货检验单单身档,Purchase Receipt Inspection Headers,QMS,54,否,,type_key `purchase.receipt.inspection` 节点均不可用（MA012/NONE），无实证
QMSTC,进货检验单不良原因档,Purchase Receipt Defective Reasons,QMS,39,否,,未被任何 type_key 引用（中文名启发式与真机反推均未命中）
QMSTD,委外进货检验单单头档,Subcontract Receipt Inspection Headers,QMS,72,否,,type_key `outsourcing.purchase.inspection` 节点均不可用（MA012/NONE），无实证
QMSTE,委外进货检验单单身档,Subcontract Receipt Inspection Headers,QMS,55,否,,type_key `outsourcing.purchase.inspection` 节点均不可用（MA012/NONE），无实证
QMSTF,委外进货检验单不良原因档,Subcontract Receipt Inspection Headers,QMS,39,否,,未被任何 type_key 引用（中文名启发式与真机反推均未命中）
QMSTG,生产入库检验单单头档,MO Receipt Inspection Headers,QMS,69,否,,type_key `wo.stockin.inspection` 节点均不可用（MA012/NONE），无实证
QMSTH,生产入库检验单单身档,MO Receipt Inspection Headers,QMS,54,否,,type_key `wo.stockin.inspection` 节点均不可用（MA012/NONE），无实证
QMSTI,生产入库检验单不良原因档,MO Receipt Inspection Headers,QMS,38,否,,未被任何 type_key 引用（中文名启发式与真机反推均未命中）
QMSTJ,转移检验单单头档,Transfer Inspection Headers,QMS,69,否,,type_key `transfer.doc.inspection` 节点均不可用（MA012/NONE），无实证
QMSTK,转移检验单单身档,Transfer Inspection Lines,QMS,54,否,,type_key `transfer.doc.inspection` 节点均不可用（MA012/NONE），无实证
QMSTL,转移检验单不良原因档,Transfer Inspection Defective Reasons,QMS,38,否,,未被任何 type_key 引用（中文名启发式与真机反推均未命中）
QMSTM,销退检验单单头档,Sales Return Inspection Headers,QMS,69,否,,type_key `sales.return.inspection` 节点均不可用（MA012/NONE），无实证
QMSTN,销退检验单单身档,Sales Return Inspection Lines,QMS,54,否,,type_key `sales.return.inspection` 节点均不可用（MA012/NONE），无实证
QMSTO,销退检验单不良原因档,Sales Return Inspection Defective Reasons,QMS,38,否,,未被任何 type_key 引用（中文名启发式与真机反推均未命中）
QMSTP,数值型检验项目检测信息档,Inspection Information Of Numerical Inspection Item,QMS,40,否,,未被任何 type_key 引用（中文名启发式与真机反推均未命中）
QMSTQ,数值型检验项目检测单身信息档,Inspection Information Of Numerical Inspection Item Lines,QMS,40,否,,未被任何 type_key 引用（中文名启发式与真机反推均未命中）
RGRMA,自订报表单头档,User Defined Report Headers,RGR,31,否,,未被任何 type_key 引用（中文名启发式与真机反推均未命中）
RGRMB,自订报表单身档,User Defined Report Lines,RGR,26,否,,未被任何 type_key 引用（中文名启发式与真机反推均未命中）
RGRTA,报表工具人员权限单头档,报表工具人员权限单头档,RGR,32,否,,未被任何 type_key 引用（中文名启发式与真机反推均未命中）
RGRTB,报表工具人员权限单身档,报表工具人员权限单身档,RGR,29,否,,未被任何 type_key 引用（中文名启发式与真机反推均未命中）
RGRTC,报表工具角色权限单头档,报表工具角色权限单头档,RGR,32,否,,未被任何 type_key 引用（中文名启发式与真机反推均未命中）
RGRTD,报表工具角色权限单身档,报表工具角色权限单身档,RGR,29,否,,未被任何 type_key 引用（中文名启发式与真机反推均未命中）
RMAMA,维修服务站信息档,维修服务站信息档,RMA,46,否,,未被任何 type_key 引用（中文名启发式与真机反推均未命中）
RMAMB,维修人员编号信息档,维修人员编号信息档,RMA,40,否,,未被任何 type_key 引用（中文名启发式与真机反推均未命中）
RMAMC,维修问题/解决方法单头档,维修问题/解决方法单头档,RMA,33,否,,未被任何 type_key 引用（中文名启发式与真机反推均未命中）
RMAMD,维修问题/解决方法单身档,维修问题/解决方法单身档,RMA,34,否,,未被任何 type_key 引用（中文名启发式与真机反推均未命中）
RMAME,维修项目信息档,维修项目信息档,RMA,33,否,,未被任何 type_key 引用（中文名启发式与真机反推均未命中）
RMAMF,维修零件价格信息档,维修零件价格信息档,RMA,37,否,,未被任何 type_key 引用（中文名启发式与真机反推均未命中）
RMAMG,维修站目标设置档,维修站目标设置档,RMA,56,否,,未被任何 type_key 引用（中文名启发式与真机反推均未命中）
RMAMH,维修品号类别信息档,维修品号类别信息档,RMA,34,否,,未被任何 type_key 引用（中文名启发式与真机反推均未命中）
RMAMI,产品序号信息单头,产品序号信息单头,RMA,33,否,,未被任何 type_key 引用（中文名启发式与真机反推均未命中）
RMAMJ,产品序号信息单身,产品序号信息单身,RMA,41,否,,未被任何 type_key 引用（中文名启发式与真机反推均未命中）
RMATA,叫修单单头档,叫修单单头档,RMA,70,否,,未被任何 type_key 引用（中文名启发式与真机反推均未命中）
RMATB,叫修单单身档,叫修单单身档,RMA,42,否,,未被任何 type_key 引用（中文名启发式与真机反推均未命中）
RMATC,维修单单头档,维修单单头档,RMA,82,否,,未被任何 type_key 引用（中文名启发式与真机反推均未命中）
RMATD,维修单单身档,维修单单身档,RMA,55,否,,未被任何 type_key 引用（中文名启发式与真机反推均未命中）
RMATE,维修单单头明细档,维修单单头明细档,RMA,36,否,,未被任何 type_key 引用（中文名启发式与真机反推均未命中）
RMATF,送厂维修单单头档,送厂维修单单头档,RMA,44,否,,未被任何 type_key 引用（中文名启发式与真机反推均未命中）
RMATG,送厂维修单单身档,送厂维修单单身档,RMA,48,否,,未被任何 type_key 引用（中文名启发式与真机反推均未命中）
RMATH,送厂归还单单头档,送厂归还单单头档,RMA,48,否,,未被任何 type_key 引用（中文名启发式与真机反推均未命中）
RMATI,送厂归还单单身档,送厂归还单单身档,RMA,47,否,,未被任何 type_key 引用（中文名启发式与真机反推均未命中）
RMATJ,单据产品序号维护单头档,单据产品序号维护单头档,RMA,40,否,,未被任何 type_key 引用（中文名启发式与真机反推均未命中）
RMATK,单据产品序号维护单身档,单据产品序号维护单身档,RMA,36,否,,未被任何 type_key 引用（中文名启发式与真机反推均未命中）
RMATL,单据产品序号维护单身明细档,单据产品序号维护单身明细,RMA,39,否,,未被任何 type_key 引用（中文名启发式与真机反推均未命中）
RPTGRIDFMT,直接查询格式,直接查询格式,RPT,34,否,,未被任何 type_key 引用（中文名启发式与真机反推均未命中）
RPTGRIDFMTENG,直接查询格式,,RPT,34,否,,未被任何 type_key 引用（中文名启发式与真机反推均未命中）
SASLA,销售信息汇总档,Sales Summaries,SAS,73,否,,未被任何 type_key 引用（中文名启发式与真机反推均未命中）
SASMA,会计科目设置,Account Codes Settings,SAS,50,否,,未被任何 type_key 引用（中文名启发式与真机反推均未命中）
SCXA,生产入库模块中间表,,SCX,44,否,,未被任何 type_key 引用（中文名启发式与真机反推均未命中）
SFCDA,工单工艺子单身信息档,MO Operation Details,SFC,49,否,,type_key `wo.routing` 节点均不可用（MA012/NONE），无实证
SFCDB,转移单子单身信息档,Transfer Orders Sub Lines,SFC,56,否,,type_key `transfer.doc` 节点均不可用（MA012/NONE），无实证
SFCDC,报工单子单身信息档,Operation Report Sub Lines,SFC,55,待确认,yf.oapi.work.report.data.query.get,实体未映射到物理表，但 type_key `work.report` 存在可用节点（ACCEPTED_NO_TABLE：节点有效、接口可调通，回参未含物理表名）；服务名仅供试探，不可作为确证
SFCDD,工艺快速转移信息档,Quick Transfer,SFC,74,否,,未被任何 type_key 引用（中文名启发式与真机反推均未命中）
SFCMA,工艺参数设置档,Operation Parameters,SFC,40,否,,未被任何 type_key 引用（中文名启发式与真机反推均未命中）
SFCTA,工单工艺信息档,MO Operations,SFC,87,是,yf.oapi.wo.routing.data.query.get,真机反推确证（node-table-map.csv，confidence=HIGH，type_key=wo.routing）
SFCTB,转移单单头档,Transfer Orders Headers,SFC,55,否,,type_key `transfer.doc` 节点均不可用（MA012/NONE），无实证
SFCTC,转移单单身档,Transfer Orders Lines,SFC,95,否,,type_key `transfer.doc` 节点均不可用（MA012/NONE），无实证
SFCTD,报工单单头档,Operation Report Headers,SFC,46,待确认,yf.oapi.work.report.data.query.get,实体未映射到物理表，但 type_key `work.report` 存在可用节点（ACCEPTED_NO_TABLE：节点有效、接口可调通，回参未含物理表名）；服务名仅供试探，不可作为确证
SFCTE,报工单单身档,Operation Report Lines,SFC,56,待确认,yf.oapi.work.report.data.query.get,实体未映射到物理表，但 type_key `work.report` 存在可用节点（ACCEPTED_NO_TABLE：节点有效、接口可调通，回参未含物理表名）；服务名仅供试探，不可作为确证
SFCTF,报工单班组成员档,Shift Staffs by Operation Report,SFC,37,否,,未被任何 type_key 引用（中文名启发式与真机反推均未命中）
TAXMA,申报公司资料档,申报公司资料档,TAX,47,否,,未被任何 type_key 引用（中文名启发式与真机反推均未命中）
TBXA,调拨模块中间表,,TBX,46,否,,未被任何 type_key 引用（中文名启发式与真机反推均未命中）
THXA,采购退货模块中间表,,THX,49,否,,未被任何 type_key 引用（中文名启发式与真机反推均未命中）
TISMA,发票参数档,发票参数档,TIS,32,否,,未被任何 type_key 引用（中文名启发式与真机反推均未命中）
TISTA,销项发票底稿单头档,销项发票底稿单头档,TIS,65,否,,未被任何 type_key 引用（中文名启发式与真机反推均未命中）
TISTB,销项发票底稿单身档,销项发票底稿单身档,TIS,60,否,,未被任何 type_key 引用（中文名启发式与真机反推均未命中）
TISTC,销项作废发票单头档,销项作废发票单头档,TIS,50,否,,未被任何 type_key 引用（中文名启发式与真机反推均未命中）
TISTD,销项作废发票单身档,销项作废发票单身档,TIS,44,否,,未被任何 type_key 引用（中文名启发式与真机反推均未命中）
TISTE,进项发票底稿档,进项发票底稿档,TIS,53,否,,未被任何 type_key 引用（中文名启发式与真机反推均未命中）
TLXA,退料模块中间表,,TLX,46,否,,未被任何 type_key 引用（中文名启发式与真机反推均未命中）
TMCMA,业务流程档,Business Flow Headers,TMC,33,否,,未被任何 type_key 引用（中文名启发式与真机反推均未命中）
TMCMB,业务流程图形档,Business Flow Charts,TMC,32,否,,未被任何 type_key 引用（中文名启发式与真机反推均未命中）
TMCMC,业务流程单身档,Business Flow Lines,TMC,37,否,,未被任何 type_key 引用（中文名启发式与真机反推均未命中）
TMCMD,业务流程条件信息档,Business Flow Conditions,TMC,37,否,,未被任何 type_key 引用（中文名启发式与真机反推均未命中）
TMCME,业务流程消息档,Business Flow Messages,TMC,39,否,,未被任何 type_key 引用（中文名启发式与真机反推均未命中）
TMCMF,收件人地址信息单头档,,TMC,33,否,,未被任何 type_key 引用（中文名启发式与真机反推均未命中）
TMCMG,收件人地址信息单身档,,TMC,37,否,,未被任何 type_key 引用（中文名启发式与真机反推均未命中）
TMCMH,收件人信息单头档,,TMC,38,否,,未被任何 type_key 引用（中文名启发式与真机反推均未命中）
TMCMI,收件人单身人员信息档,,TMC,36,否,,未被任何 type_key 引用（中文名启发式与真机反推均未命中）
TMCMJ,收件人品类人员单身档,,TMC,37,否,,未被任何 type_key 引用（中文名启发式与真机反推均未命中）
TRANSQUEUE,传输队列信息档,Trans Queue,TRA,36,否,,未被任何 type_key 引用（中文名启发式与真机反推均未命中）
UPDLG,数据库升级明细档,Update Database Details,UPD,33,否,,未被任何 type_key 引用（中文名启发式与真机反推均未命中）
UPDMA,数据库升级设置档,Update Database Parameters,UPD,28,否,,未被任何 type_key 引用（中文名启发式与真机反推均未命中）
V_QIXUBING,,,CMS,2,否,,未被任何 type_key 引用（中文名启发式与真机反推均未命中）
WARRANT,凭证格式,Voucher Formats,WAR,30,否,,未被任何 type_key 引用（中文名启发式与真机反推均未命中）
WTXA,委外退货模块中间表,,WTX,49,否,,未被任何 type_key 引用（中文名启发式与真机反推均未命中）
WWXA,委外进货模块中间表,,WWX,44,否,,未被任何 type_key 引用（中文名启发式与真机反推均未命中）
XHJH,销货检核中间表,,XHJ,34,否,,未被任何 type_key 引用（中文名启发式与真机反推均未命中）
XHXA,销货模块中间表,,XHX,49,否,,未被任何 type_key 引用（中文名启发式与真机反推均未命中）
XTXA,销退模块中间表,,XTX,49,否,,未被任何 type_key 引用（中文名启发式与真机反推均未命中）
YBXA,一般交易模块中间表,,YBX,43,否,,未被任何 type_key 引用（中文名启发式与真机反推均未命中）
ZXXA,装箱单中间表,,ZXX,40,否,,未被任何 type_key 引用（中文名启发式与真机反推均未命中）
INVLK,,,INV,30,否,,该表在 tables.json 中缺登记（无中文名/英文名）；未命中真机反推映射
INVLL,,,INV,14,否,,该表在 tables.json 中缺登记（无中文名/英文名）；未命中真机反推映射
YFMXB,,,YFM,38,否,,该表在 tables.json 中缺登记（无中文名/英文名）；未命中真机反推映射
YSMXB,,,YSM,38,否,,该表在 tables.json 中缺登记（无中文名/英文名）；未命中真机反推映射
