mq003,mq003_cn
11,库存交易单
12,调拨单
13,借出单
14,借入
15,借出归还单
16,借入归还单
17,成本开账调整单
18,报废单
19,销毁单
1A,装箱单
1B,序号开账调整单
1Z,在库料检验单
21,报价单
22,客户订单
23,销货单
24,销退单
25,出货通知单
27,多角贸易订单
28,多角贸易销货单
29,多角贸易销退单
2D,零组件发货单
2E,安装调试通知单
2F,安装调试单
2S,合同
31,请购单
32,核价单
33,采购单
34,进货单
35,退货单
36,询价单
37,到货单
41,BOM变更单
42,组合单
43,拆解单
44,E-BOM变更单
45,BOM单据
51,一般工单
52,返工工单
53,拆件工单
54,厂内领料单
55,委外领料单
56,厂内退料单
57,委外退料单
58,生产入库单
59,委外进货单
5A,委外退货单
5B,核价单
5C,挪料单
5D,委外到货单
5E,入库转领料单
5H,委外领料通知单
5I,返工序号对应单
61,销售发票
62,预收结账单
63,收款单
64,预收结账单
65,预收待抵单
66,多角贸易结账单
6A,预开发票
6B,其他应收单
6C,预收款单
6D,退款单
6E,坏账准备单
6F,坏账损失处理单
6G,汇差调整单
71,采购发票
72,溢付待抵单
73,付款单
74,预付结账单
75,预付待抵单
7A,预开发票
7B,其他应付
7C,预付款单
7D,应付退款单
7E,汇差调整单
7F,费用发票
7G,暂估成本核算单
81,存款单据
82,提款单据
83,融资托票
84,融资借款
85,融资还款
86,抵押借款
87,抵押还款
88,调整汇率单
91,转账凭证
92,现收凭证
93,现支凭证
A1,预付购料单据
A2,报关单据
B1,出货通知单
B2,货运通知单
B3,出口费用单
C0,取得
C1,改良
C2,重估
C3,报废
C4,出售
C5,调整
C6,折旧
C7,转移
C8,外送
C9,收回
CA,资产请购
CB,资产采购
CC,资产进货
CD,减值准备
CE,在建工程
D1,投产单
D2,转移单
D3,入库单
D4,报工单
E1,叫修单
E2,维修单
E3,送原厂维修单
E4,原厂修毕送回单
I1,合同变更单据
I2,结转单据
I3,交易单据
I4,转厂申请单据
I5,退转厂维护单据
I6,设备申请单据
I7,设备维护单据
K1,费用申请单
K2,费用借款单
K3,费用还款单
K4,费用报销单
K5,费用调整单
K6,费用预算单
K7,费用预算调整单
K8,其他费用申请单
K9,其他费用单
S1,内部订单
S2,调拨出库单
S3,调拨出库到达单
S4,退货申请单
S5,调拨退库单
S6,调拨退库到达单
S7,营业日报
S8,调价单
X1,人力需求单
X2,培训申请单
X3,培训结案单
Y1,留样单
Y4,检验单
