type_key,title,domain_code,domain_name,confidence,operations_count,composite_pk,detail_tables
account,"会计科目",finance,"会计总账",high,2,Y,0
accounting.voucher,"会计凭证",finance,"会计总账",high,8,Y,0
ap.refund.doc,"应付退款单",ap,"应付管理",high,8,Y,0
approve.price,"核价单",purchase,"采购管理",high,8,Y,0
ar.refund.doc,"应收退款单",ar,"应收管理",high,8,Y,0
bad.cause,"不良原因",quality,"质量管理",high,2,Y,0
bom,"新增BOM",engineering,"产品结构与工艺",high,8,Y,0
borrow.doc,"借出单",inventory,"存货管理",high,8,Y,0
borrow.return,"借出归还单",inventory,"存货管理",high,8,Y,0
calendar,"假日表",base,"基础资料",high,2,Y,0
collection.doc,"收款单",ar,"应收管理",high,8,Y,0
combination.order,"组合单",UNASSIGNED,"待人工确认",none,8,Y,0
company.detail,"公司",base,"基础资料",high,1,N,0
computation.sampling.basis,"计量抽查基础",quality,"质量管理",high,2,Y,0
currency,"币种",base,"基础资料",high,2,Y,0
customer,"客户",base,"基础资料",high,5,Y,0
customer.item,"客户品号",base,"基础资料",high,5,Y,0
department,"部门",base,"基础资料",high,2,Y,0
destroy.order,"销毁单",inventory,"存货管理",high,8,Y,0
document.type.general,"单据性质",base,"基础资料",high,1,N,0
ebom,"查询EBOM",engineering,"产品结构与工艺",high,5,Y,0
ebom.change,"变更单",engineering,"产品结构与工艺",high,8,Y,0
ecn,"变更单",engineering,"产品结构与工艺",high,8,Y,0
employee,"员工",base,"基础资料",high,1,N,0
engineering.item,"工程品号",engineering,"产品结构与工艺",high,5,Y,0
expense.invoice,"费用发票",finance,"会计总账",high,8,Y,0
financial.institution,"金融机构",base,"基础资料",high,5,Y,0
function.category,"职务类别",base,"基础资料",high,2,Y,0
inquiry,"询价单",purchase,"采购管理",high,8,Y,0
inspection,"检验项目",quality,"质量管理",high,2,Y,0
inventory.transaction,"库存交易单",inventory,"存货管理",high,8,Y,0
inventory.transaction.details,"库存交易明细",inventory,"存货管理",high,2,Y,0
item,"品号信息",base,"基础资料",high,5,Y,0
item.classification,"品号类别",base,"基础资料",high,5,Y,0
item.count,"盘点",base,"基础资料",high,4,Y,0
item.customer.price,"客户商品价格",base,"基础资料",high,5,Y,0
item.inspection,"品号检验项目",base,"基础资料",high,2,Y,0
item.inventory.qty,"品号库存",base,"基础资料",high,1,N,0
item.lot,"批号",base,"基础资料",high,2,Y,0
item.supplier.price,"供应商料件价格",base,"基础资料",high,5,Y,0
monthly.item.statistics,"品号月档",base,"基础资料",high,2,Y,0
op.stockin,"工艺入库单",production,"生产管理",high,8,Y,0
operation,"工艺",production,"生产管理",medium,4,N,0
other.payable.doc,"其他应付单",ar,"应收管理",high,8,Y,0
other.receivable,"其他应收单",ar,"应收管理",high,8,Y,0
outsourcing.approve.price,"委外核价单",outsourcing,"委外管理",high,8,Y,0
outsourcing.price,"委外价格",outsourcing,"委外管理",high,5,Y,0
outsourcing.purchase.acceptance,"委外进货单验收",outsourcing,"委外管理",high,5,Y,0
outsourcing.purchase.arrival,"委外到货单",outsourcing,"委外管理",high,8,Y,0
outsourcing.purchase.arrival.acceptance,"委外到货单验收",outsourcing,"委外管理",high,8,Y,0
outsourcing.purchase.arrival.inspection,"委外到货检验单",outsourcing,"委外管理",high,2,Y,0
outsourcing.purchase.inspection,"委外进货检验单",outsourcing,"委外管理",high,2,Y,0
outsourcing.purchase.inspection.return,"退回委外验退件",outsourcing,"委外管理",high,5,Y,0
outsourcing.purchase.receipt,"委外进货单",outsourcing,"委外管理",high,8,Y,0
outsourcing.purchase.return,"委外退货单",outsourcing,"委外管理",high,8,Y,0
payable.doc,"付款单",ap,"应付管理",high,8,Y,0
picking.receipt,"领料单",inventory,"存货管理",high,8,Y,0
picking.return,"退料单",inventory,"存货管理",high,8,Y,0
plant,"工厂",base,"基础资料",high,5,Y,0
precollection.doc,"预收款单",ar,"应收管理",high,8,Y,0
prepayment.doc,"预付单",ap,"应付管理",high,8,Y,0
product.process,"产品工艺路线",engineering,"产品结构与工艺",high,5,Y,0
project,"项目",base,"基础资料",high,5,Y,0
purchase.arrival,"到货单",purchase,"采购管理",high,8,Y,0
purchase.arrival.acceptance,"到货单验收",purchase,"采购管理",high,7,Y,0
purchase.arrival.inspection,"到货检验单",purchase,"采购管理",high,2,Y,0
purchase.change,"采购变更单",purchase,"采购管理",high,8,Y,0
purchase.inspection.return,"退回验退件",purchase,"采购管理",high,5,Y,0
purchase.invoice,"采购发票",purchase,"采购管理",high,8,Y,0
purchase.order,"采购单",purchase,"采购管理",high,8,Y,0
purchase.receipt,"进货单",purchase,"采购管理",high,8,Y,0
purchase.receipt.acceptance,"修改进货单验收",purchase,"采购管理",high,5,Y,0
purchase.receipt.inspection,"进货检验单",purchase,"采购管理",high,2,Y,0
purchase.requisitions,"请购单",purchase,"采购管理",high,8,Y,0
purchase.return,"退货单",purchase,"采购管理",high,8,Y,0
quality.control.category,"品管类别",quality,"质量管理",high,2,Y,0
quotation,"报价单",sales,"销售管理",high,8,Y,0
receive.payment.term,"付款条件",base,"基础资料",high,5,Y,0
replace.substitute.item,"取替代料",engineering,"产品结构与工艺",high,5,Y,0
sales.forecast,"销售预测",sales,"销售管理",high,5,Y,0
sales.invoice,"销售发票",sales,"销售管理",high,8,Y,0
sales.order,"数据重新加载刷新",sales,"销售管理",high,8,Y,0
sales.order.change,"修改订单变更单",sales,"销售管理",high,8,Y,0
sales.return,"销退单",sales,"销售管理",high,8,Y,0
sales.return.inspection,"销退检验单",sales,"销售管理",high,2,Y,0
sampling.basis,"抽查基础",quality,"质量管理",high,2,Y,0
scrap.order,"报废单",inventory,"存货管理",high,8,Y,0
shipping.notice,"出货通知单",sales,"销售管理",high,8,Y,0
shipping.order,"销货单",sales,"销售管理",high,8,Y,0
split.order,"拆解单",UNASSIGNED,"待人工确认",none,8,Y,0
subscription,"查询订阅中心资料",UNASSIGNED,"待人工确认",none,2,N,0
supplier,"供应商",base,"基础资料",high,5,Y,0
team.personnel,"班组成员",base,"基础资料",high,5,Y,0
transfer,"调拨单",inventory,"存货管理",high,8,Y,0
transfer.doc,"转移单",inventory,"存货管理",high,8,Y,0
transfer.doc.inspection,"转移检验单",inventory,"存货管理",high,2,Y,0
unit,"单位",base,"基础资料",high,3,Y,0
warehouse,"仓库",base,"基础资料",high,5,Y,0
wo,"工单",production,"生产管理",high,8,Y,0
wo.change,"工单变更单",production,"生产管理",high,8,Y,0
wo.commence,"投产单",production,"生产管理",high,8,Y,0
wo.routing,"工单工艺",production,"生产管理",high,5,Y,0
wo.split,"工单拆分",production,"生产管理",high,2,Y,0
wo.stockin,"生产入库单",production,"生产管理",high,8,Y,0
wo.stockin.inspection,"生产入库检验单",production,"生产管理",high,2,Y,0
work.report,"报工单",production,"生产管理",high,8,Y,0
workstation,"工作中心",base,"基础资料",high,5,Y,0
